Eczane Adı;İletişim No;Enlem;Boylam;Adres
AKKİSE;0 - (332) 483 - 7402;37.2355534;32.1064668;Hamzalar Mahallesi 26648. Sokak No:1D
OĞUZ;0 - (332) 461 - 2277;37.4512504;32.370041;Ağalar Mahallesi Altan Tufan Caddesi No:77A
UĞUR;0 - (332) 816 - 1300;38.349868;31.468461;Doğrugöz Mahallesi 36203. Sokak No: 5A
ÇETİN;0 - (332) 813 - 4044;38.360258;31.417991;İstasyon Mahallesi 30489. Sokak No:4J
ONUR ECZANESİ;0 - (332) 812 - 0386;38.3519858;31.4243912;Kileci Mahallesi Dr.Vahdi Yamalık Caddesi No:2A
ERDEM;0 - (312) 812 - 3828;38.3625455;31.413474;Altunkalem Mahallesi 28616.Sokak No:20A
TAŞKIN;0 - (332) 812 - 4411;38.360258;31.417991;Yeni Mahalle İstasyon Caddesi Bulvar Apartmanı No: 41A
ÇAKILLAR;0 - (332) 826 - 350_;38.360258;31.417991;İstasyon Mahallesi 30489. Sokak No:4G
ECE;0 - (332) 816 - 1767;38.349868;31.468461;Doğrugöz Mahallesi 36203. Sokak No:7A
GÖZDEM;0 - (332) 812 - 8282;38.3668354;31.4370471;İstasyon Mahallesi İstasyon Caddesi No:121C
DEVİREN;0 - (332) 813 - 7136;38.354983;31.4204406;Seyran Mahallesi Hastane Caddesi No:9B
TEKİN;0 - (332) 811 - 0407;38.360258;31.417991;İstasyon Mahallesi 30489.Sokak No:4D
DEVA;0 - (332) 813 - 1276;38.360258;31.417991;Seyran Mah. 33219. Sokak No:3
TUNA;0 - (332) 813 - 5862;38.3577017;31.4129309;Kuşçu Mahallesi İnönü Caddesi No:10C
VERESELİ GARAJ;0 - (332) 813 - 3524;38.3556207;31.442761;Seyran Mahallesi 33219.Sokak No:5
ERGÜN;0 - (332) 812 - 0679;38.3668354;31.4370471;İstasyon Mahallesi İstasyon Caddesi No:117AC
TEPEOĞLU;0 - (332) 813 - 9979;38.36037;31.423691;Yeni Mahalle İstasyon Caddesi No:37A
ŞEKER;0 - (332) 813 - 3870;38.35709;31.41191;Ahicelal Mahallesi Ulucami Caddesi No:17A
TUNCEZ;0 - (332) 812 - 6963;38.360258;31.417991;İstasyon Mahallesi 30489. Sokak No:6B
GÖKMEN;0 - (332) 812 - 8088;38.360258;31.417991;İstasyon Mahallesi 30489. Sokak No:4C
SAĞLIK;0 - (332) 813 - 6251;38.3577582;31.4151285;Kuşçu Mahallesi Nasreddin Caddesi No:6A
KARCI;0 - (332) 813 - 6334;38.3602954;31.4232632;Yeni Mahalle İstasyon Caddesi No:35A
GÜNEŞ;0 - (332) 812 - 4603;38.357576;31.4152504;Kuşçu Mahallesi Nasreddin Caddesi No:10A
HAYAT;0 - (332) 813 - 2026;38.3668354;31.4370471;İstasyon Mahallesi İstasyon Caddesi No:121A
AKKAYA;0 - (332) 813 - 7826;38.3556207;31.442761;Seyran Mahallesi 33219.Sokak No:1
İZZET;0 - (332) 812 - 3322;38.3556207;31.442761;Seyran Mahallesi 33219.Sokak No:3B
KARDELEN;0 - (332) 812 - 6322;38.3556207;31.442761;Seyran Mahallesi 33219.Sokak No:3A
DERMAN;0 - (332) 813 - 2034;38.360258;31.417991;Selçuk Mahallesi 32808.Sokak No:10B
YORGANCIOĞLU;0 - (332) 813 - 3522;38.3576157;31.4155899;Meydan Mahallesi Nasreddin Caddesi No:21A
REİS;0 - (332) 823 - 4476;38.360258;31.417991;Atakent Mahallesi Nadir Caddesi No:28B
BAŞAK;0 - (332) 813 - 2271;38.3584677;31.4191892;Meydan Mahallesi Sanayi Caddesi No:9B
AYDIN;0 - (332) 812 - 2770;38.3519858;31.4243912;Kileci Mahallesi Dr.Vahdi Yamalık Caddesi No:4B
ÖZDEMİR;0 - (332) 812 - 4669;38.360258;31.417991;Yeni Mahalle İstasyon Caddesi Sümer Apt.No:37D
KARACA;0 - (332) 813 - 5393;38.360258;31.417991;Yarenler Mahallesi Mustafa Kemal Paşa Caddesi A Blok 320B
ALTUNTAŞ;0 - (332) 815 - 7576;38.3417438;31.5343272;Altuntaş Mahallesi Şehir Caddesi No:12B
NASREDDİN;0 - (332) 813 - 0472;38.358841;31.4157442;Selçuk Mahallesi Cevdet Köksal Caddesi No:8E
ÖZGÜN;0 - (332) 812 - 9249;38.360258;31.417991;Yarenler Mahallesi Mustafa Kemal Paşa Caddesi A Blok 320C
OSMANLI;0 - (332) 813 - 1383;38.3495234;31.4237604;Gazi Mahallesi Şehit Yaşar Soylu Sokak No:42A
CEYLAN;0 - (332) 812 - 2878;38.3618943;31.4068151;Selçuk Mahallesi 24 Agustos Caddesi No:72B
BAŞOĞLU;0 - (332) 800 - 0075;38.3593614;31.4188771;Yeni Mahalle İnönü Caddesi No:61
NADİR;0 - (332) 825 - 6665;38.246117;31.529514;Çakıllar Mahallesi Çakıllar Caddesi No: 116A
Bayındır;0 - (332) 813 - 8632;38.3600531;31.4232183;Yeni Mahalle 34108.Sokak No:13B
İpek;0 - (332) 813 - 7711;38.3600531;31.4232183;Yeni Mahalle 34108.Sokak No:13A
ECZANE SU;0 - (542) 778 - 3624;38.3585066;31.4160563;Meydan Mahallesi İnönü Caddesi No: 84A
AKŞEHİR;0 - (505) 732 - 7202;38.3785593;31.4056153;Yarenler Mahallesi Mustafa Kemal Paşa Caddesi 320A
SERCAN;0 - (332) 812 - 4450;38.379697;31.430808;Yeni Mahallesi 34108.Sokak No:13C
ŞAHİN;0 - (332) 813 - 6804;38.360258;31.417991;ADSIZ MH. ALİ İHSAN KARAGÜL  CAD.  NO: 13/A
BÜYÜKIŞIK;0 - (332) 812 - 8888;38.3556207;31.442761;Seyran Mahallesi 33143.Sokak No:13A-13B
ÇAĞRI;0 - (332) 813 - 1452;38.3579289;31.416968;Meydan Mahallesi Cevdet Köksal Caddesi No:23A
BAHADIR;0 - (332) 813 - 1566;38.3494402;31.4239549;Gazi Mahallesi Şehit Yaşar Soylu Sokak No: 44B
ATILGAN;0 - (332) 813 - 5274;38.354983;31.4204406;Seyran Mahallesi Hastane Caddesi No:7B
SARILAR;0 - (332) 813 - 4903;38.357408;31.4155002;Nasreddin Mahallesi Nasreddin Caddesi No:22A-22B
Ayşe Adam;0 - (332) 638 - 0277;38.308274;32.868888;Akıncılar Mahallesi Akıncılar Mevlana Caddesi No:8B
DİLEK;0 - (332) 631 - 2575;37.8673958;32.4808038;Ölmez Mahallesi Millet Caddesi No:4B
ELMALI;0 - (332) 631 - 2089;37.868619;32.480809;Ölmez Mahallesi Millet Caddesi No:10A
CENNET;0 - (506) 790 - 4319;38.3078536;32.8645946;Ölmez Mah. Vatan Cad. No:36B
SAĞLIK;0 - (332) 512 - 4733;37.672576;31.735093;Esentepe Mahallesi 40525. Sok. No:2F
BÜYÜK;0 - (332) 512 - 5933;37.6775056;31.7266706;Evsat Mahallesi 40614. Sokak Tuncay Tekeli İş Merkezi No:13B-C
GÜNAYDIN;0 - (332) 512 - 6678;37.6804616;31.7311563;Dalyan Mahallesi Atatürk Caddesi No: 29B
SAVAŞ;0 - (332) 512 - 2727;37.6775056;31.7266706;Evsat Mahallesi 40753 Sokak No:1B
TAYFUN;0 - (332) 516 - 1514;37.679796;31.724299;Huğlu Mahallesi Özgürlük Caddesi No:18A
ALTINMADEN;0 - (332) 512 - 0011;37.672576;31.735093;Esentepe Mahallesi 40525. Sokak No:2H
ÜZMEZ;0 - (332) 512 - 8383;37.6775056;31.7266706;Evsat Mahallesi 40615. Sokak No:1I
ŞENOL;0 - (332) 512 - 4732;37.6797275;31.7253248;Dalyan Mahallesi Atatürk Caddesi No:13B
ELİF;0 - (332) 512 - 5121;37.6719557;31.7290029;Hamidiye Mahallesi Ali Akkanat Caddesi No:37B
ÜMİT;0 - (332) 512 - 9310;37.6744571;31.7227743;Yeni Mahalle Bağlar Caddesi No:51A
ŞENYURT;0 - (332) 511 - 0048;37.6832409;31.7236213;Bahçelievler Mahallesi Prof. Dr. Yılmaz Muslu Caddesi 12A
GÖKMENOĞLU;0 - (332) 512 - 4772;37.6700739;31.7394939;Esentepe Mahallesi 40525. Sokak No:2E
İRFAN;0 - (332) 512 - 3334;37.679796;31.724299;Hacı Armağan  Mahallesi 40755. Sokak No:3A
ÜZÜMLÜ;0 - (332) 524 - 6114;37.679796;31.724299;Üzümlü Mahallesi Üzümlü Caddesi No:83
ZEYNEP;0 - (332) 525 - 1219;37.679796;31.724299;Doğanbey  Mahallesi Doğanbey  Caddesi No:33C
ONUR;0 - (332) 512 - 0511;37.6700739;31.7394939;Esentepe Mahallesi 40525. Sokak No:2G
DİLEK;0 - (332) 512 - 7174;37.6837354;31.728653;Müftü Mah. Şehit Orhan Parlakkaya Cad. No:16AB
YILDIZ;0 - (332) 512 - 6512;37.679796;31.724299;Yeni Mahalle 41309. Sokak No:6A
HARMAN;0 - (332) 512 - 0012;37.6785071;31.7292107;Evsat Mahallesi Orhan Özgür Caddesi No:11A
AY IŞIĞI;0 - (332) 512 - 6611;37.679796;31.724299;Yeni Mahalle 41309. Sokak No:4A
BETÜL;0 - (507) 568 - 7168;37.6837354;31.728653;Müftü Mah. Şehit Orhan Parlakkaya Cad. No:16C
ŞİFA;0 - (332) 512 - 4491;37.677119;31.7246446;Evsat Mahallesi Antalya Caddesi No:2I
CANER;0 - (332) 512 - 7337;37.672576;31.735093;Esentepe Mahallesi 40525. Sokak No:2D
DEMİRÖZ;0 - (332) 426 - 3383;37.1893894;32.2446449;Yukarı Mahalle Fevzi Paşa Caddesi No:21G
GÜVEN;0 - (332) 426 - 3433;37.1902024;32.2447105;Cumhuriyet Mahallesi Cumhuriyet Caddesi No:1A
ÜZÜMAĞI;0 - (332) 426 - 2923;37.1897866;32.2459077;Yukarı Mahalle Fevzi  Paşa Caddesi No:24C
GÖKTÜRK;0 - (332) 426 - 2839;37.189349;32.244633;Yukarı Mahalle Fevzi Paşa Caddesi No:13A
BOZKIR;0 - (332) 426 - 2020;37.189352;32.246437;Cumhuriyet Mahallesi İsmet İnönü Caddesi No:9D
Vural;0 - (332) 425 - 1154;37.225649;32.5485873;Sarıoğlan Mahallesi 56010 Sokak 5B
ATASEVEN;0 - (332) 426 - 1297;37.189185;32.243536;Yukarı Mahalle Fevzi Paşa Caddesi No:5A
KARAKAŞ;0 - (332) 426 - 3036;37.189927;32.2472331;Demirasaf Mahallesi Demirasaf Caddesi No:7B
ŞAKİROĞLU;0 - (332) 426 - 1299;37.1893994;32.2429071;Yukarı Mahalle Fevzi Paşa Caddesi No:6
YENİ SAĞLAM;0 - (530) 461 - 8747;37.189231;32.24409;Yukarı Mah. Fevzi Paşa Cad. No:9A
ATASOY;0 - (332) 425 - 1378;37.6969211;32.5755937;Sarıoğlan Mahallesi Bozkır Caddesi No:8/1D
MURAT;0 - (332) 673 - 1260;38.6568454;32.9237872;Atçeken Mahallesi Konya Caddesi Özel İdare Dükkanları No:25C
YENİCEOBA;0 - (332) 676 - 1074;38.871383;32.831015;Yeniceoba Mahallesi Yeniceoba Caddesi No:110A
SAĞLIK;0 - (332) 676 - 2504;38.871383;32.831015;Yeniceoba Mahallesi Yeniceoba Caddesi No:88A
UMUT;0 - (332) 676 - 1114;38.871383;32.831015;Yeniceoba Mahallesi Yeniceoba Caddesi No:77C
DENİZ;0 - (332) 676 - 2827;38.871383;32.831015;Yeniceoba Mahallesi Yeniceoba Caddesi No:73G
TAŞKIRAN;0 - (332) 673 - 1624;38.6566534;32.9216002;Atçeken Mahallesi Ali Öztok Caddesi No:23
KAYHAN;0 - (332) 673 - 4131;38.6652089;32.9215983;Atçeken Mahallesi Hastane Caddesi No:50C
BÜŞRA;0 - (332) 673 - 2526;38.656883;32.923303;Köprübaşı Mahallesi İnönü Caddesi No:65A-65B
ÇOBANOĞLU;0 - (332) 673 - 4763;38.6652089;32.9215983;Atçeken Mahallesi Hastane Caddesi No:52A,Necip Fazıl Kısakürek Caddesi No:1A
KÖKER;0 - (332) 673 - 1121;38.6652089;32.9215983;Atçeken Mahallesi Hastane Caddesi No:54D
Bozdağ;0 - (332) 673 - 2504;38.6651679;32.9217027;Atçeken Mah. Hastane Cad. No:50B
İLTER;0 - (506) 447 - 8324;38.557117;32.750101;Karabağ Mah. 63722. Sok. No:1A
KART;0 - (553) 986 - 0708;38.6491895;32.9291304;Cumhuriyet Mah. Mustafa Kerimoğlu Cad. No:42B
HAYAT;0 - (332) 673 - 4272;39.9549417;32.8242096;Köprübaşı Mahallesi Fatih Sultan Mehmet Bulvarı No:6B
FİDAN;0 - (332) 871 - 2021;39.0135679;31.7921837;Selçuk Mahallesi Mevlana Caddesi No: 14B
GÜLLECİ;0 - (332) 871 - 2777;39.023429;31.790552;Bahçelievler Mahallesi 70619.Sokak No:6A
YENİ ÖZKAN;0 - (332) 407 - 0010;37.5652964;32.7760029;Bakkalbaşı Mahallesi 73402. Sokak No:5A
EMRE;0 - (332) 447 - 1068;37.573899;32.781038;Meydan Mahallesi Hastane Caddesi No:7
HAYAT;0 - (332) 447 - 7601;37.5652964;32.7760029;Bakkalbaşı Mah. 73400. Sokak No:9A
OKÇU;0 - (332) 447 - 5148;37.5709814;32.7810072;İzzetbey Mahallesi Gazi Caddesi No:24B
MERKEZ;0 - (332) 447 - 1205;37.5720543;32.7799075;İzzetbey Mahallesi Gazi Caddesi No:9B
SAĞLIK;0 - (332) 447 - 2067;37.5718038;32.7819411;İzzetbey Mahallesi Alparslan Türkeş Caddesi No:30C
İÇERİÇUMRA;0 - (332) 458 - 1220;37.580907;32.660962;İçeriçumra Mahallesi 74879. Sokak  No:2
NEVİN;0 - (332) 447 - 5115;37.573899;32.781038;Meydan Mahallesi Şeker Hoca Caddesi No:4G
YENİ;0 - (332) 447 - 1073;37.5707231;32.783165;İzzetbey Mah. Hükümet Cad. No:13C
ULUKAYA;0 - (332) 452 - 5148;37.675227;32.884914;Karkın Mahallesi İbrahim Dağ Caddesi No:5B
ALİBEYHÜYÜĞÜ;0 - (555) 863 - 4155;37.531191;32.662339;Alibeyhüyüğü Mahallesi 74020 Sok. No:4E
KUZEY;0 - (332) 447 - 1505;37.5648724;32.7912358;Çayırbaşı Mahallesi Menekşe Caddesi No:88
DEVA;0 - (332) 447 - 2848;37.5718366;32.7801725;İzzetbey Mahallesi Gazi Caddesi No:13A
ŞİFA;0 - (332) 447 - 1318;37.5710068;32.7832193;İzzetbey Mahallesi Hükümet Caddesi No:6A
BAĞCI;0 - (332) 447 - 2266;37.57191;32.779808;İzzetbey Mahallesi Gazi Caddesi No:10A
Eker;0 - (505) 332 - 6990;37.573899;32.781038;Meydan Mahallesi Şeker Hoca Cad. No:3 k/1
BETÜL;0 - (506) 808 - 9240;37.573237;32.780205;Bardakçı Mahallesi İstiklal Caddesi No:16E
YENİ MERKEZ;0 - (332) 447 - 4488;37.573899;32.781038;Meydan Mahallesi Hastane Caddesi No:9A-9B
ERSÖZ;0 - (332) 447 - 6222;37.573899;32.781038;Meydan Mahallesi Şeker Hoca Caddesi No:4J
YASEMİN;0 - (332) 442 - 1211;37.580907;32.660962;İçeriçumra Mahallesi 74879. Sokak No:2/3
DERBENT;0 - (332) 561 - 2335;38.013432;32.015323;Camiikebir Mahallesi 81102. Sokak 17A
DEREBUCAK;0 - (332) 537 - 1323;37.3862527;31.5098787;Kenankuyu Mahallesi İbradı Caddesi No:23A
MERKEZ;0 - (332) 556 - 1780;38.1476179;31.6789264;Pazar Mahallesi 85005. Sokak No:13A
YAREN;0 - (332) 556 - 0101;37.8705847;32.4842569;Şıh Mahallesi Kazım Karabekir Caddesi No:21A
HİSAR;0 - (332) 556 - 1275;38.145955;31.67675;Pazar Mahallesi İsmet Paşa Caddesi No:69A
AKARSU;0 - (541) 863 - 8900;38.1440406;31.678202;Kuz Mahallesi İsmet Paşa Caddesi No:45A
UYSAL;0 - (543) 494 - 1698;38.145955;31.67675;Kuz Mah. 84815. Sok. No:4/1
BİRLİK;0 - (332) 747 - 2138;37.903284;33.835814;Camikebir Mahallesi Milli Egemenlik Caddesi No:37A
ONUR KOCAMAN;0 - (332) 220 - 0087;37.89442;33.8341509;Akmescit Mahallesi 87021.Sokak No:2C
PINAR;0 - (332) 713 - 3850;37.5092471;34.0570542;Kazancı Mahallesi Küsere Köprü Caddesi No:38A
SANCIOĞLU;0 - (332) 712 - 9495;37.5074019;34.0433349;Üçgöz Mahallesi Bestekar Mustafa Seyran Caddesi Denizoğlu Konakları A Blok No:67F
ŞENTÜRK;0 - (332) 710 - 4121;37.5023289;34.0602333;Türbe Mahallesi Vatan Caddesi Berat Apartmanı No:29B
GÜLİN;0 - (332) 710 - 2656;37.512316;34.048806;Toros Mahallesi Şehit Metin Düzgün Caddesi No:16A-16B
YETKİN;0 - (332) 712 - 8227;37.512316;34.048806;Barbaros Mahallesi Anafartalar Caddesi Dirik Sitesi A Blok 2A
KAYMAKLAR;0 - (332) 712 - 6594;37.5151723;34.048131;Boyacıali Mahallesi 90000. Sokak No:63
İBNİ SİNA;0 - (332) 712 - 2695;37.512316;34.048806;Alpaslan Mahallesi 90054. Sokak No:1B
KAYA;0 - (332) 712 - 7829;37.512316;34.048806;Toros Mahallesi Şehit Fikret Aksungur Caddesi No:11A
ONUR;0 - (332) 710 - 5555;37.5092348;34.0520675;Hacımutahir Mahallesi Sümerbank Caddesi No:6D
GÜLBAHÇE;0 - (332) 710 - 5776;37.5074019;34.0433349;Üçgöz Mahallesi Bestekar Mustafa Seyran Caddesi Denizoğlu Konakları B Blok No:67A
SIHHAT;0 - (332) 713 - 2064;37.512316;34.048806;Hacımutahir Mahallesi Atatürk Caddesi Özdoğan Apartmanı No:57B
MELTEM;0 - (332) 713 - 3160;37.5122755;34.0485226;Hacımutahir Mahallesi Rasim Erel Caddesi No:2-D
TURAN;0 - (332) 713 - 2286;37.512316;34.048806;Sümer Mahhalesi Sümerbank Caddesi Mini Köşk Apartmanı altı No:3A
ÜMİT;0 - (332) 710 - 4826;37.522333;34.0270591;Cahı Mahallesi Şehit Murat Akutay Caddesi Garkent Apartmanı No:63B
ZAFER;0 - (332) 710 - 1210;37.522333;34.0270591;Cahı Mahallesi Şehit Murat Akutay Caddesi Garkent Apartmanı No:63A
HUZUR;0 - (332) 713 - 0143;37.5074147;34.0493804;Hacımutahir Mahallesi Rasim Erel Caddesi Hacı Adem Yerli Kaya İşhanı No:3B
SAĞLIK;0 - (332) 710 - 4301;37.5069709;34.0531605;Hacımutahir Mahallesi Sümerbank Caddesi Arıcan Apartmanı No:4B
ENDER;0 - (332) 710 - 3040;37.5210791;34.048131;Hacımustafa Mahallesi 91118. Sokak No:22
EKİCİ;0 - (332) 713 - 1472;37.9624121;32.4902995;Ereğli Mahallesi Şehit Metin Düzgün Caddesi No:26/1
UÇAK;0 - (332) 712 - 8608;37.5069928;34.0460424;Hacımutahir Mahallesi Sümerbank Caddesi Sayraç Apartmanı No:8B
SEVGİ;0 - (332) 710 - 1233;37.5048109;34.0599654;Türbe Mahallesi Vatan Caddesi Şen Apartmanı No:36B
ARMAĞAN;0 - (332) 713 - 3231;37.5069928;34.0460424;Hacımutahir Mahallesi Atatürk Caddesi No:65B
AKYILDIZ;0 - (332) 712 - 0040;37.4567464;34.0543815;Toros Mahallesi Toki Caddesi No:17A
İstasyon;0 - (507) 111 - 1070;37.5053806;34.0488617;Kazancı Mahallesi 90312. Sk. Soysal Apt. No:1A
EDA;0 - (539) 450 - 5927;37.502073;34.0426315;Gülbahçe Mahallesi Alparslan Türkeş Caddesi No:3A
ERDEN;0 - (542) 441 - 1084;37.4963841;34.0299318;Pirömer Nahallesi üçgöz Caddesi Tuvana İş Merkezi No:16B
YÜCEL;0 - (332) 710 - 5333;37.9624121;32.4902995;Toros Mahallesi Şehit Metin Düzgün Caddesi No:20A-20
BİLGE MELEK ŞEN;0 - (332) 713 - 0022;37.9624121;32.4902995;Toros Mahallesi Şehit Metin Düzgün Caddesi No:22
YENTÜRK;0 - (332) 710 - 1600;37.512316;34.048806;Toros Mahallesi Şehit Metin Düzgün Caddesi No:12A-12B
Fakülte;0 - (332) 712 - 4664;37.512316;34.048806;Kazancı Mah. Küsere Köprü Cad. Tophanoğlu Apt.Altı No:44/A
AYRANCI;0 - (332) 713 - 2063;37.5068724;34.0493513;Hacımutahir Mahallesi Rasim Erel Caddesi Melek Apartmanı No:16B
HAYAT;0 - (332) 710 - 1031;37.5153716;34.0531843;Eti Mahallesi Meydanbaşı Caddesi T.Dalbudak Apartmanı No:8D
TOROS;0 - (332) 713 - 4919;37.5156186;34.0501098;Boyacıali Mahallesi Dr.Faruk Sükan Caddesi No:24
YÜCELEN;0 - (332) 710 - 5303;37.4881367;34.0715645;Hacımutahir Mahallesi Rasim Erel Caddesi Hilmi Bey Apartmanı Şehirkent Psj.No:10E
DEMİRTAŞ;0 - (332) 710 - 2626;37.522333;34.0270591;Cahı Mahallesi Şehit Murat Akutay Caddesi Aksoy Apartmanı No:61E
EYLÜL;0 - (332) 713 - 8877;37.5106503;34.0560266;Kazancı Mahallesi Küsere Köprü Caddesi Topanoğlu Apartmanı No:44B
IHLAMUR;0 - (332) 710 - 3535;37.522333;34.0270591;Cahı Mahallesi Şehit Murat Akutay Caddesi Dursun Cömert Apartmanı No:65A
DİNÇ;0 - (332) 712 - 3115;37.5113554;34.0453462;Pirömer Mahallesi Atatürk Caddesi No:75
BAHAR;0 - (332) 712 - 5224;37.5151723;34.048131;Boyacıali Mahallesi 90000.Sokak No:3A
PELİN;0 - (332) 712 - 2329;37.512316;34.048806;Mehmet Akif Mahallesi Alparslan Türkeş Caddesi Tek Yurt \nApartmanı A Blok No:57A
KARATAŞ;0 - (332) 712 - 4741;37.512316;34.048806;Barbaros Mahallesi Anafartalar Caddesi Dirlik Sitesi C Blok No:10F
YASEMİN;0 - (332) 710 - 2055;37.512316;34.048806;Talatpaşa Mahallesi Kazım Karabekir Caddesi Şelale Apt. No:69B
MAHİR;0 - (332) 713 - 9098;37.50487;34.0488417;Gülbahçe Mahallesi Rasim Erel Caddesi Pınar Apartmanı A Blok No:68B
EGE;0 - (332) 710 - 0408;37.512316;34.048806;Talatpaşa Mahallesi Kazım Karabekir Cad. Yılmaz Topbaş Apt. B Blok No:70B
ŞİFA;0 - (332) 716 - 2376;37.918403;33.91287;Belkaya Mahallesi Meydan İçi No:4
YILDIRIM;0 - (332) 713 - 2378;37.512316;34.048806;Selçuklu Mahallesi Atatürk Caddesi Ergin Apartmanı No:46A
ÖZDEMİR;0 - (332) 713 - 2146;37.5164089;34.0506367;Alpaslan Mahallesi Dr. Faruk Sükan Caddesi No:50
ÖZDOĞAN;0 - (332) 710 - 0088;37.5015435;34.0584349;Türbe Mahallesi Vatan Caddesi No:40A-40B
HACETTEPE;0 - (332) 712 - 6067;33.4010291;44.3966322;Hacımustafa Mahallesi 91114.Sokak Sümer Apartmanı No:22A
ERCAN;0 - (332) 710 - 2040;37.5080874;34.0589418;Eti Mahallesi Küsere Köprü Caddesi No:53A
BAŞAK;0 - (332) 710 - 4245;37.5106503;34.0560266;Kazancı Mahallesi Küsere Köprü Caddesi İlknaz Ada Apartmanı No:42A
DERMAN;0 - (332) 713 - 1320;36.8165059;34.627923;Boyacıali Mahallesi 90005.Sokak No:6
EREĞLİ;0 - (332) 712 - 4941;37.512316;34.048806;Selçuklu Mahallesi Atatürk Caddesi Halil Cesur Apartmanı No:56B
ÖZLEM;0 - (332) 713 - 0771;37.512316;34.048806;Toros Mahallesi Şehit Metin Düzgün Caddesi No:18A
HAKAN;0 - (531) 272 - 0137;37.5095499;34.0479028;Hacı Mütahir Mah. Dr. Rauf Denktaş Kıbrıs Cad. No: 16B
SAMURLU;0 - (332) 710 - 1045;37.512316;34.048806;Talatpaşa Mah. Kazım Karabekir Cad. Topbaş Apt. No:67D
LOKMAN HEKİM;0 - (332) 777 - 0042;37.5223133;34.0475659;Hacı Mustafa Mahallesi Zümrüt Sokak No:20A
VEZİROĞLU;0 - (332) 471 - 2040;37.2811;32.717358;Mevlana Mahallesi Mevlana Caddesi No:115A
KÖSEOĞLU FERAH;0 - (332) 471 - 2571;37.2811;32.717358;Mevlana Mahallesi Mevlana Caddesi No:113D
KOZAN;0 - (332) 418 - 1744;37.900449;32.4872609;Taşpınar Mahallesi Hadimi Caddesi No:6B
MEHMET;0 - (332) 246 - 1444;37.900817;32.4872919;Taşpınar Mahallesi Hadimi Caddesi No:10C
GÜLÇİN;0 - (332) 771 - 2445;37.4335158;34.1878359;Bahçelievler Mahallesi Şehit Cihangir Tok Caddesi No:23
ŞİFA;0 - (332) 543 - 1034;37.9518276;31.5993377;Ulupınar Mahallesi Fatih Caddesi No:27D
DERYA;0 - (332) 543 - 1366;37.951279;31.599333;Bahçelievler Mahallesi 110216. Sokak No:9A
ERGÜL;0 - (332) 512 - 4447;37.9528459;31.598001;Bahçelievler Mahallesi 110214. Sokak No:10A
BİLİR;0 - (332) 543 - 2007;37.951279;31.599333;Bahçelievler Mahallesi 110222. Sokak No:5
YASİN;0 - (332) 547 - 4046;37.7626487;30.553705;Kıreli Mahallesi Isparta Çevre Yolu Caddesi No:1500/2
HÜYÜK;0 - (332) 543 - 1255;37.9523723;31.5983189;Bahçeli Evler Mah. Yıldırım Beyazıt Cad. No:2A
ALTINIŞIK;0 - (332) 882 - 8121;38.2790949;31.8918364;Fahrettin Altay Mahallesi  115829. Sokak No:3E
DİVRİK;0 - (332) 882 - 5303;38.2790949;31.8918364;Fahrettin Altay Mahallesi 115829. Sokak No:3
ÖZLEM;0 - (332) 881 - 3300;38.2790949;31.8918364;Fahrettin Altay Mahallesi 115829. Sokak No:3C
ÖZKARA;0 - (332) 881 - 3233;38.2811608;31.9078398;Fatih Mahallesi Dr. Vehbi Kütükçü Caddesi No:24B
DERMAN;0 - (332) 881 - 3070;38.2812883;31.9078096;Fatih Mahallesi Dr. Vehbi Kütükçü Cad. No:26B
ÇINARKAYA;0 - (332) 882 - 6727;38.2790949;31.8918364;Fahrettin Altay Mahallesi 115829. Sokak No:3A
ÇİĞİL;0 - (332) 886 - 2031;38.0518705;31.8448745;Çiğil Mahallesi 121200. Sokak No:4B
ILGIN;0 - (332) 881 - 6021;38.2811608;31.9078398;Fatih Mahallesi Dr. Vehbi Kütükçü Caddesi No:24E
EBRU;0 - (332) 882 - 7838;38.2818722;31.915621;Camiiatik Mahallesi Nevzat İspir Caddesi No:24
HALK;0 - (332) 881 - 6226;38.2816363;31.9174863;Camiiatik Mahallesi Nevzat İspir Caddesi No:1A
SERİN;0 - (332) 881 - 6585;38.2817988;31.9153422;Camiiatik Mahallesi Nevzat İspir Caddesi No:44
ERTEN;0 - (332) 882 - 5139;38.2818181;31.9155311;Camiiatik Mahallesi Nevzat İspir Caddesi No:34A
GÜRBÜZ;0 - (332) 881 - 2666;38.280412;31.9149595;Camiiatik Mahallesi Muhsin Yazıcıoğlu Caddesi Caddesi No:100
YÖRÜKOĞLU;0 - (332) 882 - 8100;38.2790949;31.8918364;Fahrettin Altay Mahallesi 115829. Sokak No:3G
SEVGİ;0 - (332) 881 - 3742;38.2819118;31.917084;Camiiatik Mahallesi Nevzat İspir Caddesi No:26
KARAKUŞ;0 - (332) 882 - 5005;38.2790949;31.8918364;Fahrettin Altay Mah. 115829 Sok. No:3B
HAZAL;0 - (332) 881 - 2222;38.2792237;31.9127316;Camiiatik Mahallesi Muhsin Yazıcıoğlu Caddesi No:144A
2023;0 - (332) 881 - 2023;38.2790949;31.8918364;Fahrettin Altay Mahallesi 115828. Sokak No:4A
ARGITHANI;0 - (332) 889 - 2343;38.2914348;31.7101872;Argıthanı Mahallesi Argıthanı Caddesi No:33A
CAN;0 - (332) 882 - 8577;38.2771686;31.9042209;Fatih Mahallesi Muhsin Yazıcıoğlu Caddesi No:204B
HACIÖMER;0 - (332) 881 - 6171;38.2817239;31.91395;Camiiatik Mahallesi Muhsin Yazıcıoğlu Caddesi Hacı Ömer İş Merkezi No:68
ŞİFA;0 - (332) 881 - 6710;38.2800073;31.9081914;Fatih Mahallesi Dr. Vehbi Kütükçü Caddesi No:15A
Uzman;0 - (332) 881 - 3334;38.281263;31.91612;Fatih Mahallesi 116262. Sokak No:5A
ILGIN FATİH;0 - (332) 881 - 2324;38.2815829;31.9078193;Fatih Mahallesi Dr. Vehbi Kütükçü Caddesi No:28A
BATUMAK;0 - (332) 834 - 2005;38.2400124;32.210941;Turgutlu Mahallesi Konya Caddesi No:175A
DERYA;0 - (332) 834 - 3000;38.239305;32.211322;Turgutlu mahallesi 124751. Sokak No:13A
HEKİMOĞLU;0 - (332) 834 - 0432;38.2381953;32.2261877;İstiklal Mahallesi Konya Caddesi No:240B
VERESELİ DEVA;0 - (332) 834 - 2555;38.2401365;32.2109643;Turgutlu Mahallesi Konya Caddesi No:185A
GANİOĞLU;0 - (332) 834 - 0404;38.2381953;32.2261877;İstiklal Mahallesi Konya Caddesi No:270A
GÜZEŞ;0 - (332) 834 - 2878;38.2381952;32.226187;Ünveren Mahallesi Konya Caddesi No:169A
GÜNEŞ;0 - (332) 834 - 3150;38.2405506;32.2094866;Tepebaşı Mahallesi Konya Caddesi No:26D
SAĞLIK;0 - (332) 834 - 3530;38.2401371;32.2109624;Turgutlu Mahallesi Konya Caddesi 181A
ÖMÜR;0 - (332) 834 - 1291;38.2397744;32.2119053;Ünveren Mahallesi Konya Caddesi No:151C
MADEN;0 - (554) 471 - 1199;38.2400493;32.2114752;Doğanlar Mahallesi Konya Caddesi No:214D
ÇINAR;0 - (332) 834 - 2042;38.2401569;32.2108964;Tepebaşı Mahallesi Konya Caddesi No:40B
GÜVENÇ;0 - (332) 834 - 0787;38.2381437;32.2261978;İstiklal Mahallesi Konya Caddesi No:216A
VİTAMİN;0 - (332) 755 - 3404;37.7151058;33.5454424;Apak Mahallesi Konya Caddesi 22A
BAŞAK;0 - (332) 755 - 1463;37.714748;33.5448299;Hacı Ömerli Mahallesi Konya Caddesi No:21A
DEVA;0 - (332) 755 - 2507;37.7157884;33.5487009;Hankapı Mahallesi İnönü Caddesi No:29A
IŞIK;0 - (332) 755 - 1482;37.715674;33.5473108;Reşadiye Mahallesi İnönü Caddesi No:17C
HAYAT;0 - (332) 755 - 6598;37.7156184;33.5471256;Reşadiye Mahallesi İnönü Caddesi No:13
DERMAN;0 - (332) 755 - 8181;37.71532;33.54657;Ulus Mahallesi 133215. Sokak  C Blok No:2A
SEZER;0 - (332) 755 - 3516;37.7149429;33.5461282;Selimiye Mahallesi Konya Caddesi No:5C
SAĞLIK;0 - (332) 755 - 6930;37.7176922;33.5539072;Hankapı Mahallesi Şehit Ahmet Selçik Caddesi No:4D
YALÇINÖZ;0 - (332) 755 - 2266;37.708928;33.5657941;Ulus Mahallesi 133215. Sokak No:2C
ŞİFA;0 - (332) 755 - 7215;37.7149786;33.5460262;Selimiye Mahallesi Konya Caddesi No:7A
BERAT;0 - (332) 755 - 3536;37.7138352;33.5407478;Alaaddin Mahallesi Konya Caddesi Beyler Obası A Blok 67L
GÜNEŞ;0 - (332) 755 - 6592;37.7155215;33.5477172;Kale Mahallesi İnönü Caddesi No:28
FATİH;0 - (332) 755 - 1774;37.71607;33.5484899;Hankapı Mahallesi Okullar Caddesi No:4G
ORUÇ;0 - (332) 755 - 6782;37.71532;33.54657;Ulus Mahallesi 133215. Sokak B Blok No:2D
Yaşar;0 - (539) 293 - 6221;37.714933;33.5445309;Apak Mahallesi Konya Caddesi No:42E
GÜNGÖR;0 - (332) 755 - 5386;37.7150413;33.5565945;Zafer Mahallesi İnönü Caddesi No:68E-B
YANAL;0 - (332) 409 - 9436;37.899621;32.52239;Ulubatlı Hasan Mahallesi Mesnevi Caddesi No:13
TUNCA;0 - (332) 359 - 0472;37.795485;32.5322419;Çatalhüyük Mahallesi Kasırga Sokak No:32A
BEŞYOL;0 - (332) 350 - 8109;37.8772823;32.4944306;Şems-i Tebrizi Mahallesi Şerafettin Caddesi No:92B
ÇALIŞKAN BOZKIR;0 - (332) 359 - 9894;37.818949;32.522524;Karaaslan Dede Mahallesi Taşrakaraaslan Caddesi No:28A
GÜZİDE;0 - (332) 341 - 2233;37.8285602;32.5570841;İstiklal Mahallesi Saraçoğlu Caddesi No:107G
NİMET;0 - (332) 350 - 7633;37.8769528;32.4996898;Nakipoğlu Mahallesi Sultanveled Caddesi No:18C
GÜMÜŞ;0 - (332) 355 - 0220;37.8725063;32.5435869;Fetih Mahallesi Ahmet Efendi Sokak No:2C
TAHA;0 - (332) 355 - 6494;37.8763697;32.5229421;Hacıveyiszade Mahallesi Farabi Sokak No:54C
CİĞER;0 - (332) 386 - 2764;37.8746429;32.4931554;İsmil Mahallesi Konya Caddesi 4S-4R
ÇAĞRI;0 - (332) 238 - 6230;37.893642;32.505799;Büyüksinan Mahallesi Beymen Sultan Sokak No:5B
SAMANYOLU;0 - (332) 355 - 9203;37.8666789;32.5193314;Doğuş Mahallesi Alaaddin Kap Caddesi No:66A
İKBAL;0 - (332) 355 - 4555;37.856807;32.539117;Akabe Mahallesi Milliler Caddesi No:16A
ILGAZ;0 - (332) 352 - 6895;#VALUE!;#VALUE!;Akçeşme Mahallesi Garaj Caddesi No:1
CUMHUR;0 - (332) 355 - 5557;37.8763697;32.5229421;Hacıveyiszade Mahallesi Farabi Sokak No:54E
NAKİPOĞLU;0 - (332) 353 - 8037;37.8777405;32.5058482;Nakipoğlu Mahallesi Yaran Sokak No:10 B
NENE HATUN;0 - (332) 238 - 3020;37.877232;32.494505;Şems-i Tebrizi Mahallesi Şerafettin Caddesi No:92A Şems-i Tebrizi Mahallesi Bölüm Sokak No:1A
İSMİL;0 - (332) 386 - 3030;37.717373;33.043449;İsmil Mahallesi Konya Caddesi No:4H-4I
GENÇ ALTINEKİN;0 - (332) 233 - 4395;37.8890722;32.5141472;Keykubat Mahallesi Kırbaşı Caddesi No:47A
ŞENER;0 - (332) 321 - 3242;37.8725063;32.5435869;Fetih Mah. Ahmet Efendi Sok. No: 2A
ULUKAN;0 - (332) 233 - 3420;37.8891185;32.5143913;Keykubat Mahallesi Kırbaşı Caddesi No:49A-B
MELİSSA;0 - (332) 350 - 2015;37.8760742;32.497946;Şems-i Tebrizi Mahallesi Botsalı Sokak Alp-1 Sitesi 23A
AYDIN;0 - (332) 352 - 6419;37.859976;32.5062179;Sarıyakup Mahallesi BüyükKumköprü Caddesi No:48A
ŞİMŞEK;0 - (332) 357 - 8088;37.8403551;32.5160295;Hacı İbali Mahallesi Çancı Caddesi No:23D
CANKURTARAN;0 - (332) 355 - 9242;37.8725063;32.5435869;Fetih Mahallesi Ahmet Efendi Sokak No:2B
CANAN;0 - (332) 347 - 3100;37.899621;32.52239;Ulubatlı Hasan Mahallesi Mesnevi Caddesi NO:13A
FİDAN;0 - (534) 711 - 6248;37.8159989;32.6097683;Erler Mahallesi Saraçoğlu Caddesi Kızılkaya İş Merkezi No:338AA
SARAY;0 - (555) 966 - 2109;37.8865838;32.5022014;Karaciğan Mahallesi Ali Ulvi Kurucu Caddesi No:111D
TAŞKIRAN;0 - (554) 755 - 0846;37.8881975;32.5257001;Hasan Dede Mescit Mahallesi Kasım Envari Sokak No:6C
ALTINEKİN;0 - (332) 352 - 0646;37.8723323;32.5007358;Şems-i Tebrizi Mahallesi İstanbul Caddesi No:103E
İPLİKÇİ;0 - (332) 353 - 4887;37.873506;32.5010892;Şems-i Tebrizi Mahallesi İstanbul Caddesi No:123B
BETÜL;0 - (332) 355 - 0990;37.8725063;32.5435869;Fetih Mahallesi Ahmet Efendi Sokak No:2E
SEDA TELLİOĞLU;0 - (332) 235 - 0310;37.82322;32.9888285;Ulubatlı Hasan Mahallesi Kapı Sokak No:2D
MAVİ;0 - (332) 353 - 7434;37.82322;32.9888285;Sultan Mesud Mahallesi İstanbul Caddesi Kurşun Sitesi No:84A
GENÇ;0 - (332) 234 - 1313;37.8824392;32.4989403;Kalenderhane Mahallesi Bolay Sokak No:11B
HARMANCIOĞLU;0 - (332) 355 - 8059;37.888043;32.525739;Hasandede Mescit Mahallesi Kasım Envari Sokak No:6E
ELİF;0 - (332) 352 - 7607;37.8188054;32.522006;Karaaslan Dede Mahallesi Taşrakaraaslan Cad. No:26/1A
SAĞLAM;0 - (332) 352 - 3151;37.860013;32.506198;Sarıyakup Mahallesi Yediyıldız Sokak No:21B
BEKAROĞLU;0 - (332) 352 - 2548;37.8745697;32.5011718;Şemsi Tebrizi Mahallesi İstanbul Caddesi No:139A
ALPEREN;0 - (332) 323 - 7099;37.8729145;32.5011934;Aziziye Mahallesi İstanbul Cad. No:42A
SEFA;0 - (332) 351 - 9302;37.8721288;32.5006858;Şems-i Tebrizi Mahallesi İstanbul Caddesi No:99B
POÇAN;0 - (332) 352 - 0659;37.872229;32.5011038;Aziziye Mahallesi İstanbul Caddesi Hacı Çopur İşhanı No:32G
BEZİRCİLER;0 - (332) 355 - 0063;37.8670904;32.5195229;Çimenlik Mahallesi Alaaddin Kap Caddesi No:11A
EKİN;0 - (332) 386 - 2694;37.8746429;32.4931554;İsmil Mahallesi Konya Caddesi No:2E
KAŞINHAN;0 - (332) 352 - 1124;37.866627;32.5036694;Akçeşme Mahallesi Heyamola Sokak No:1D
ATABAY;0 - (332) 350 - 4140;37.87728;32.49432;Şems-i Tebrizi Mahallesi Şerafettin Caddesi No:94A
VERESELİ SELİMİYE;0 - (332) 352 - 5155;37.8694006;32.5019381;Aziziye Mahallesi Selimiye Caddesi No:16A
ELİF ATEŞ;0 - (332) 351 - 8228;37.8665747;32.5035302;Akçeşme Mahallesi Heyamola Sokak No:1A
İNCİ;0 - (332) 355 - 1808;37.855469;32.538187;Akabe Mahallesi Milliler Caddesi No:7H
YILDIRIM;0 - (332) 351 - 5080;37.8775656;32.5059503;Nakipoğlu Mahallesi Yaran Sokak No:12A
KEREM;0 - (332) 237 - 4167;37.82322;32.9888285;Ulubatlı Hasan Mahallesi Kapı Sokak No:2C
YAKUT;0 - (332) 235 - 3004;37.8886418;32.5143345;Yediler Mahallesi Kırbaşı Caddesi No:46A-B
SULTAN;0 - (332) 355 - 5549;37.876427;32.522978;Hacıveyiszade Mahallesi Farabi Sokak No:54A
LEVENT;0 - (332) 359 - 1616;37.8188054;32.522006;Karaaslan Dede Mahallesi Taşrakaraaslan Caddesi No:26G
SELÇUK;0 - (332) 249 - 0009;37.8607293;32.5247375;Doğuş Mahallesi Fetih Caddesi No:263B
UĞURLU;0 - (332) 222 - 0079;37.8820724;32.4983541;Kalenderhane Mahallesi Abidinpaşa Sokak No:25B
BAKIR;0 - (332) 352 - 0491;37.8725596;32.496068;Şems-i Tebrizi Mahallesi Mevlana Caddesi No:21A
KARŞEHİR;0 - (332) 355 - 7095;37.8725063;32.5435869;Fetih Mahallesi Ahmet Efendi Sokak No:2D
BİLGE;0 - (332) 237 - 3717;37.8772144;32.5280153;Hacıveyiszade Mahallesi Gürşehir Sokak No:1A
ESMA;0 - (332) 359 - 0059;37.8188054;32.522006;Karaaslan Dede Mahallesi Taşrakaraaslan Caddesi No:26E
REYYAN;0 - (332) 355 - 2500;37.877379;32.5279154;Hacıveyiszade  Mahallesi Gürşehir Sokak No:1B
KARATAY;0 - (332) 352 - 1222;37.8669846;32.5031991;Akçeşme Mah. Heyamola Sokak No:1F
CADDE;0 - (332) 355 - 5332;37.8689762;32.5397102;Fetih Mahallesi Aslanlı Kışla Caddesi  No:247 C
KARAASLAN PELİT;0 - (332) 359 - 1111;37.8087689;32.5268877;Karaaslan Dede Mah. Tekintaş Sok. No:48B
EBRU ESEROĞLU;0 - (507) 160 - 6361;37.8600987;32.5235374;Doğuş Mah. Fetih Cad. No:276A
BÜSAN;0 - (332) 503 - 1779;37.9225459;32.53247;Fevzi Çakmak Mahallesi Kosgeb Caddesi 10633. Sokak No 4B
ALTUN;0 - (332) 408 - 5546;37.8589822;32.5057805;Mengene Mahallesi Yediyıldız Sokak No:18C
GÜZELŞEHİR;0 - (506) 121 - 0025;37.855994;32.5451738;Akabe Mah. Adana Çevre Yolu Cad. No:120A
Hülya;0 - (332) 342 - 4286;37.900768;32.5289357;Fevzi Çakmak Mahallesi Gözde Cad. No:41/H
HAKAN;0 - (554) 436 - 8077;37.8734237;32.5002045;Şemsitebrizi Mahallesi Şerafettin Caddesi No:10G
BÜŞRA;0 - (506) 903 - 2499;37.8603006;32.5244077;Doğuş Mahallesi Fetih Caddesi No:267C
YAĞMUR;0 - (532) 160 - 1008;37.8881808;32.5256871;Hasan Dede Mescit Mahallesi Kasım Envari Sokak No:6A-6B
ŞEHİR;0 - (551) 113 - 4816;37.8600145;32.5424495;Akabe Mahallesi Cemil Çiçek Caddesi No:142A
YUSUF;0 - (539) 542 - 0989;37.8765231;32.522051;Köprübaşı Mah. Şeyhülema Recepağa Cad. No:152AI
Kertmen;0 - (535) 732 - 2454;37.8924015;32.5191748;Ulubatlı Hasan Mahallesi Kırbaşı Caddesi No: 101A
ŞÜKRAN;0 - (530) 399 - 2642;37.8627395;32.5257951;Akabe Mah. Cemil Çiçek Cad. 5. giriş No:28L
IRMAK;0 - (505) 773 - 6994;37.8193043;32.5223859;Elmacı Mah. Kanal Cad. No:39A
ŞENYUVA;0 - (332) 352 - 0607;37.8740506;32.5046902;Aziziye Mahallesi Köprübaşı Caddesi Pakman Apartmanı No:4B
DAYIOĞLUGİL;0 - (332) 342 - 4499;37.9115295;32.5246897;Fevzi Çakmak Mahallesi Büyük Buğday Pazarı 10516 Sokak No:109
TARÇIN;0 - (332) 312 - 8102;37.900768;32.5289357;Fevzi Çakmak Mah. Gözde Cad. No:41G
ÇELEBİ;0 - (332) 502 - 7025;37.9311886;32.5541761;Fevzi Çakmak Mah. Gülistan Cad. No:74B
TOKKAŞ;0 - (332) 341 - 2425;37.8285602;32.5570841;İstiklal Mahallesi Saraçoğlu Caddesi No:107F
SEYDİŞEHİR;0 - (332) 357 - 4588;37.847015;32.5444224;Çataltömek mahallesi Küçükkumköprü Caddesi No:242B
MERVE ŞAHİN;0 - (332) 351 - 4161;37.8593392;32.506322;Mengene Mahallesi Buzul Sokak No:1A
DERYA;0 - (332) 347 - 2775;37.899621;32.52239;Ulubatlı Hasan Mahallesi Mesnevi Caddesi No:13B
CANBULAT;0 - (332) 357 - 7848;37.862147;32.5013488;Sarı Yakup Mahallesi Karaman Caddesi No:49C
KARDELEN;0 - (332) 237 - 0091;37.82322;32.9888285;Ulubatlı Hasan Mahallesi Kapı Sokak No:2B
ZEYNEP SENA;0 - (553) 924 - 4350;37.8760666;32.5229037;Hacıveyiszade Mahallesi Farabi Sokak No: 48D
TEKBAŞ;0 - (332) 347 - 2727;37.899621;32.52239;Ulubatlı Hasan Mahallesi Mesnevi Caddesi No:13E
LARENDE;0 - (332) 241 - 5253;37.8755857;32.4979063;Şems-i Tebrizi Mahallesi Botsalı Sokak No:21A
PEKCAN;0 - (332) 352 - 0657;37.82322;32.9888285;Sultan Mesud Mahallesi İstanbul Caddesi Pekcan Apartmanı No:82A
LALE;0 - (332) 233 - 9173;37.8917114;32.5031943;Büyüksinan Mahallesi Ankara Caddesi No:102A
YENİ ŞİFA;0 - (532) 425 - 2028;37.8726293;32.4949102;Şemsi Tebrizi Mah. Mevlana Cad. No:9C
EDA;0 - (332) 503 - 2788;37.8555331;32.5655549;Akabe Mah. Şehit Furkan Doğan Cad.  No:3J
ERKUL;0 - (532) 730 - 5164;37.7955609;32.5299749;Çatalhüyük Mah. Kasırga Sok. No:20D
KIRMIZI;0 - (332) 355 - 0022;37.8674255;32.5149444;Çimenlik Mahallesi Alaaddin Kap 1 Blok caddesi No:11B
İBNİ SİNA;0 - (332) 352 - 5613;37.866627;32.5036694;Akçeşme Mahallesi Heyamola Sokak No:1C
EYLÜL;0 - (332) 352 - 7999;37.859428;32.506455;Mengene Mahallesi Yedi Yıldız Sokak No:22A
Adliye;0 - (553) 430 - 7881;37.8612596;32.5431322;Akabe Mah. Yeniceler Cad. No145AC Karatay/Konya
KUMKÖPRÜ;0 - (332) 357 - 1220;37.8472451;32.5250187;Karakulak Mahallesi Büyükkumköprü Cad. No:236A
TERCAN;0 - (332) 353 - 5602;37.8753488;32.5010277;Şems-i Tebrizi Mahallesi İstanbul Caddesi No:155A
LOKMAN;0 - (332) 351 - 7348;41.0082376;28.9783589;Nakipoğlu Mahallesi İstanbul Caddesi Mavi Saray İş Merkezi No 58C
HİLAL;0 - (332) 353 - 2666;37.8775656;32.5059503;Nakipoğlu Mahallesi Yaran Sokak no:12C
ALTAY;0 - (332) 249 - 3060;37.8606354;32.5237054;Doğuş Mahallesi Fetih Caddesi No:270C-D
KARŞIYAKA;0 - (332) 641 - 4244;39.0956751;33.0813932;Karşıyaka Mahallesi Yüzbaşı Varol Caddesi No:30A
TAŞKIRAN;0 - (332) 641 - 3040;39.0888207;33.0702503;Fatih Sultan Mehmet Mahallesi Ahmet Baran Caddesi No:5D
KÜÇÜK;0 - (332) 654 - 7351;38.937509;33.006014;Ömeranlı Mahallesi 140768. Sokak 4A
AKYEL;0 - (332) 641 - 6548;39.0906379;33.0799305;Camikebir Mahallesi Ziya Gökalp Caddesi No:1A
AKAN;0 - (332) 641 - 6088;39.0910162;33.0771753;Camikebir Mahallesi Atatürk Caddesi No:26C
ALTILAR;0 - (332) 641 - 1286;39.091036;33.0761316;Camikebir Mahallesi Atatürk Caddesi No:41D
DERMAN;0 - (332) 641 - 6044;39.0909136;33.0777846;Camikebir Mahallesi Atatürk Caddesi No:18C
ÖZTAVŞANÇALI;0 - (332) 641 - 3112;39.0910736;33.0766305;Camikebir Mahallesi Atatürk Caddesi No:2070B
POLAT;0 - (332) 641 - 6264;#VALUE!;#VALUE!;Fatih Sultan Mehmet Mahallesi Ahmet Baran Caddesi No:5AA
Atmaca;0 - (332) 641 - 3434;39.0929645;33.0774943;Camikebir Mahallesi Ankara Caddesi No:2068A
ERDOĞAN;0 - (332) 641 - 1505;39.0910661;33.076817;Fatih Sultan Mehmet Mahallesi Ahmet Baran Caddesi C Blok 5AC
FIRAT;0 - (332) 641 - 6322;39.091092;33.0759557;Camikebir Mahallesi Atatürk Caddesi No:43B
MERKEZ ŞENER;0 - (332) 641 - 2234;39.0905681;33.0804095;Camikebir Mahallesi Ziya Gökalp Caddesi No:2B
KAN;0 - (332) 641 - 2820;39.090901;33.0779469;Camikebir Mahallesi Atatürk Caddesi No:16C
CELEP;0 - (332) 641 - 0214;39.0889113;33.0697825;Fatih Sultan Mahallesi Ahmet Baran Caddesi No:5E
ŞÖLEN;0 - (332) 333 - 0011;37.8679985;32.4838774;Konevi Mahallesi Vali Cemilkeleşoğlu Sokak No:15A
GÜNHANLAR;0 - (332) 353 - 8881;37.8512733;32.46134;Osman Gazi Mahallesi Hatıp Caddesi  No:2A
SOYLU HADİM;0 - (332) 375 - 0303;37.7672294;32.5087922;Alakova Mahallesi 15513.Sokak No:22A
KORKMAZ;0 - (332) 350 - 4448;37.8679384;32.4927162;Sahibata Mahallesi Atatürk Caddesi No:39D
ONUR;0 - (332) 323 - 9598;37.8623959;32.44611;Aşkan Mahallesi Yeni Meram Caddesi No:172B
SEVİNÇHAN;0 - (332) 323 - 0348;37.862194;32.445398;Aşkan Mahallesi Yeni Meram Caddesi No:178B
TUĞÇE;0 - (332) 320 - 8100;37.8558176;32.4902294;Pirebi Mahallesi Haşimbey Sokak No:11B
EYÜP ÇINAR;0 - (332) 350 - 4540;37.8660006;32.492026;Sahibiata Mahallesi Furgan Dede Caddesi Melek Özdemir Sitesi No:9A-9B
PARK;0 - (332) 320 - 0120;37.866759;32.469826;Havzan Mahallesi Havzan Caddesi No:41A
TOLGA;0 - (332) 357 - 0560;37.8362909;32.5053734;Alpaslan Mahallesi Ayşe Kemerşah Caddesi No:11A-11B
AYHAN BOZKIR;0 - (332) 323 - 0076;37.862323;32.445958;Aşkan Mahallesi Yeni Meram Caddesi No:174B
ŞENAY;0 - (332) 320 - 3901;37.8492942;32.4720336;Yenişehir Mahallesi Çakılharmanlar Caddesi No:3/101
UYAR;0 - (332) 351 - 0990;37.857499;32.499873;Uluırmak Mahallesi Maraş Caddesi No:22A
SEVGİ;0 - (332) 322 - 6618;37.8558875;32.4709059;Yenişehir Mahallesi Çakılharmanlar Caddesi No: 1A
YENİ SAĞLIK;0 - (332) 323 - 1060;37.877352;32.42955;Köyceğiz Mahallesi Beyşehir Caddesi No:242B
PAZAR;0 - (332) 352 - 6008;37.8678428;32.4949299;Sahibiata Mahallesi Sahibiata Caddesi Kayalar Apt. No:202D
EŞREFOĞLU;0 - (332) 324 - 4549;37.876798;32.429189;Köyceğiz Mahallesi Beyşehir Caddesi No:250A
CERAN;0 - (332) 352 - 3193;37.8668092;32.4982798;Sahibata Mahallesi Hal Sokak No:2C
ÖZEN;0 - (332) 352 - 2726;37.8668092;32.4982798;Sahibata Mahallesi Hal Sokak No:2D
SERRA;0 - (332) 323 - 1824;37.8621044;32.4469178;Ateşbaz Veli Mahallesi Yedekırmak Sokak No:44B
CENK;0 - (332) 353 - 5837;37.8712606;32.4941553;Sahibata Mahallesi Mimar Muzaffer Caddesi No: 4C
MERKEZ;0 - (332) 351 - 7181;37.8595509;32.4827455;Aydoğdu Mahallesi Söğütlü Sokak No:77A
UFUK;0 - (332) 324 - 5164;37.8621044;32.4469178;Ateşbaz-ı Veli Mahallesi Yedekırmak Sokak No:44A
CAN;0 - (332) 323 - 5300;37.8721048;32.4599861;Alavardı Mahallesi Çamlık Sokak No:6D
LALEZAR;0 - (332) 327 - 0600;37.8668092;32.4982798;Sahibiata Mahallesi Hal Sokak No:2F
BURAK AKBUĞA;0 - (332) 320 - 2530;37.8647137;32.4666967;Havzan Mahallesi Kılıkcı Sokak No:12A
ESKİ GARAJ;0 - (332) 351 - 2369;37.8385999;32.5128925;Sahibiata Mahallesi Karaman Caddesi Büyükotel No:14K
AKTOPRAK;0 - (332) 351 - 7048;37.8655576;32.4981849;Sahibata Mahallesi Taşkapı Medrese Caddesi No:16A
HASDENİZ;0 - (332) 324 - 5635;37.8664911;32.4489532;Aşkan Mahallesi Halil Çavuş Sokak No:5A
AKADEMİK;0 - (332) 350 - 7350;37.8657646;32.491633;Pirebi Mahallesi Furgan Dede Caddesi No:18A
KORU;0 - (332) 320 - 5242;37.8384595;32.4894649;Uluğbey Mahallesi Bozdemir Sok. B Blok No:25B
FATİH;0 - (332) 232 - 2323;37.8666372;32.448195;Aşkan Mahallesi Halil Çavuş Sokak No: 14A
KIYMET;0 - (332) 324 - 7000;37.877352;32.42955;Köyceğiz Mahallesi Beyşehir Caddesi No:242A
YEŞİLDERE;0 - (332) 328 - 5601;37.8575491;32.4016184;Dere Mahallesi Dere Caddesi No:192A
IŞIK;0 - (332) 338 - 2200;37.7385918;32.4353995;Gödene Mahallesi 17384 Sokak No:1E
REİSOĞLU;0 - (332) 324 - 7474;37.877135;32.42941;Köyceğiz Mahallesi Beyşehir Caddesi No:246B
SİMA;0 - (332) 321 - 0373;37.859697;32.4839284;Aydoğdu Mahallesi Söğütlü Sokak No:67A
ŞAKALAK;0 - (332) 350 - 5346;37.8660532;32.4888917;Konevi Mahallesi Saitpaşa Caddesi No:9C
PINAR;0 - (332) 324 - 3021;37.8769909;32.429327;Köyceğiz Mahallesi Beyşehir Caddesi No:248C
YAYLA;0 - (332) 323 - 1193;37.8600638;32.4470897;Ateşbaz Veli Mahallesi Yedekırmak Sokak No:32E
SIHHAT;0 - (332) 351 - 1642;37.8688313;32.5002174;Sahibata Mahallesi Sahibata Caddesi No:16C
ÖNCÜ;0 - (332) 322 - 1901;37.859527;32.4826369;Aydoğdu Mahallesi Söğütlü Sokak No:77C
SELCEN;0 - (332) 331 - 4111;37.8273293;32.4902225;Bahçeşir Mahallesi Hasanköy Caddesi No:144B
ÖMÜR;0 - (332) 322 - 1657;37.855654;32.4706726;Yenişehir Mahallesi Çakılharmanlar Caddesi No:2A
BOZKIR;0 - (332) 324 - 2796;37.877452;32.4295959;Köyceğiz Mahallesi Beyşehir Caddesi No:240A
NEVA;0 - (332) 324 - 2020;37.879519;32.448088;Alavardı Mahallesi Beyşehir Caddesi No:183C
İZİ;0 - (332) 324 - 3339;37.872108;32.4599108;Alavardı Mahallesi Çamlık Sokak No:6C
GÜRBÜZ;0 - (332) 320 - 9540;37.8383536;32.4884399;Uluğbey Mahallesi Bozdemir Sok. No:25A
ESMA AKTÜRK;0 - (332) 324 - 1767;37.861641;32.4472104;Ateşbaz Veli Mahallesi Yedekırmak Sokak No:42E
NURER;0 - (543) 959 - 2464;37.839116;32.512313;Apaslan Mahallesi Karaman Caddesi No:346B
DERMAN;0 - (332) 351 - 1044;37.870821;32.500463;Sahibiata Mahallesi İstanbul Caddesi No:77A
YAŞAR;0 - (332) 311 - 2159;37.8266319;32.490718;Bahçeşehir Mahallesi Hasanköy Caddesi No:163A
YENİ EBRU;0 - (332) 324 - 1099;37.8721048;32.4599861;Alavardı Mahallesi Çamlık Sokak No:6B
DURMAZ;0 - (332) 350 - 1222;37.8657304;32.4913249;Pirebi Mahallesi Furgan Dede Caddesi No:16B
GALİP;0 - (332) 321 - 0289;37.8631191;32.4711551;Havzan Mahallesi Yeni Santral Elektrik Caddesi No:33A
SARPAY;0 - (332) 324 - 0600;37.875889;32.448733;Alavardı Mahallesi Bozdağlı Sokak No:14A
KALEM;0 - (332) 320 - 0302;37.8649966;32.4666604;Havzan Mahallesi Babil Sokak No:59A
KOÇAKOĞLU;0 - (332) 352 - 0620;37.8668092;32.4982798;Sahibata Mahallesi Hal Sokak No:2A
İNLİCELİ ŞAHİNLER;0 - (332) 331 - 3134;37.8350386;32.4673484;Kovanağzı Mahallesi Çimendere Sokak No:38A
ŞEREF YAVUZ;0 - (332) 320 - 1185;37.8596709;32.4833204;Aydoğdu Mahallesi Söğütlü Sokak No:73D
TURHAN;0 - (332) 357 - 1265;37.852597;32.4929373;Pirebi Mahallesi Dr.Ahmet Özcan Caddesi No:133B
GÖZDE;0 - (332) 350 - 5919;37.8704074;32.4923447;Sahibiata Mahallesi Mimar Muzaffer Caddesi Salih Civelek Apartmanı No:55E
NALTEKİN;0 - (332) 320 - 2529;37.8640838;32.4789946;Konevi Mahallesi Alem Sokak Süreyya Apartmanı No:33A
KAVAKLILAR;0 - (332) 320 - 5656;37.877766;32.490298;Osman Gazi Mahallesi Darüşşifa  Sokaka No:3A
LOKMAN HEKİM;0 - (332) 322 - 8690;37.8581024;32.4777605;Aydoğdu Mahallesi Ara-Böldüren Caddesi No:125A
KAYNAK;0 - (332) 323 - 0124;37.877452;32.4295959;Köyceğiz Mahallesi Beyşehir Caddesi No:240B
CEMRE;0 - (332) 351 - 4088;37.8674108;32.4269055;YAKA MAH. ÖZÇAKILLAR SOKAK NO:4/B
CANSEVER;0 - (332) 327 - 1919;37.829811;32.447495;Harmancık Mahallesi Hatıp Caddesi No:171D
FAZİLET;0 - (332) 352 - 6015;37.8672922;32.5007354;Sahibiata Mahallesi Karaman Caddesi No:34A
ANADOLU;0 - (332) 331 - 3440;37.8272324;32.4901708;Bahçeşehir Mahallesi Hasanköy Caddesi No:144A
ÇİĞDEM;0 - (332) 324 - 6433;37.867837;32.454836;Melikşah Mahallesi Evliya Çelebi Caddesi No:20
YENİ SEZER;0 - (332) 323 - 9322;37.8667607;32.4487933;Aşkan Mahallesi Halil Çavuş Sokak No:8A
BAYRAK;0 - (332) 324 - 2324;37.877833;32.429765;Köyceğiz Mahallesi Beyşehir Caddesi No:236B
ESER;0 - (332) 323 - 4424;37.8600638;32.4470897;Ateşbaz Veli Mahallesi Yedekırmak Sokak No:32G-32F
REYHAN;0 - (332) 338 - 2627;37.7385918;32.4353995;Gödene Mahallesi 17384 Sokak No:1D
BERNA;0 - (332) 323 - 5333;37.8759797;32.4485091;Alavardı Mahallesi Bozdağlı Sokak 12B
YUNUS;0 - (332) 324 - 4023;37.8600638;32.4470897;Ateşbaz-ı Veli Mah. Yedekırmak Sokak No:32/D
SENA;0 - (332) 327 - 1981;37.835267;32.434416;Lalebahçe Mahallesi Lalebahçe Caddesi No:112C
RAVZA;0 - (332) 331 - 2055;37.861641;32.4472104;Ateşbaz Veli Mahallesi Yedekırmak Sokak No:42A
GÖKKUŞAĞI;0 - (332) 320 - 6669;37.7646973;32.3755315;Çayırbağı Mahallesi Çayırbağı Caddesi No:125A
ÖNDER;0 - (332) 322 - 2922;37.859527;32.4826369;Aydoğdu Mahallesi Söğütlü Sokak No:77D
FEYYAZ;0 - (332) 323 - 8366;37.8719976;32.4596634;Melikşah Mahallesi Çamlık Sokak No:5A
ŞİRİN;0 - (332) 322 - 2201;37.869219;32.480274;Konevi Mah. Millet Cad. No:19B
ŞATO;0 - (332) 352 - 0656;37.870268;32.4851923;Sahibata Mahallesi Hocahasan Sokak Zühre Apartmanı No:7A
ESEROĞLU;0 - (332) 323 - 9323;37.8721048;32.4599861;Alavardı Mahallesi Çamlık Sokak No:6A
ZEYNEP BELVİRANLI;0 - (332) 323 - 0310;37.861641;32.4472104;Ateşbaz Veli Mahallesi Yedekırmak Sokak No:42D
KİBAROĞLU;0 - (332) 249 - 1111;37.8746429;32.4931554;Yenişehir Mahallesi İştirak Sokak O Blok 1A
HANDE UYARARSLAN;0 - (332) 302 - 8898;37.8587241;32.4690371;Yenişehir Mahallesi Gazze Caddesi No:13M
ZEKİ;0 - (536) 204 - 8004;37.7430228;32.2653887;Yenişehir Mahallesi Gazze Caddesi O Blok No:98A
Annem;0 - (506) 252 - 6983;37.854715;32.471358;Yenişehir Mah. Gazze Cad. No:47D
YENİYOL;0 - (332) 324 - 0010;37.862323;32.445958;Aşkan Mahallesi Yeni Meram Caddesi No:174/A
RENK;0 - (533) 382 - 0999;37.5945835;32.3447611;Hatunsaray Mahallesi 23404. Sokak No:1B
VARLIK;0 - (535) 074 - 3414;37.860808;32.447279;Ateşbaz Veli Mahallesi Yedekırmak Sokak 38A
Elçin;0 - (533) 415 - 7576;37.857934;32.4996283;Uluırmak Mah. Maraş Cad. No:18A
HANIMELİ;0 - (554) 369 - 9979;37.876132;32.4481843;Alavardı Mah. Bozdağlı Sok. No:10C
DEVA;0 - (332) 351 - 3529;37.8679384;32.4927162;Sahibata Mahallesi İstanbul Caddesi No:69
MERCAN;0 - (543) 341 - 5221;37.8607613;32.4831033;Pirebi Mahallesi Dr. Ahmet Özcan Caddesi Şelale Apartmanı B-Blok No:107B
ULUCAN;0 - (505) 702 - 7526;37.8668092;32.4982798;Sahibata Mahallesi Hal Sokak No:2B
PINARIN;0 - (332) 357 - 7785;38.292488;31.71122;Aymanas Mah. Argıthan Sok. No: 30D
DÜNYA;0 - (332) 351 - 2326;37.8683886;32.5007523;Sahibiata Mahallesi Karaman Caddesi No:12A
HADİM;0 - (332) 353 - 0576;37.8659651;32.4999761;Çaybaşı Mahallesi Furgandede Caddesi No:72A
EMİNE ÖZ;0 - (533) 791 - 6572;37.8679398;32.4809233;Konevi Mah. Turgutoğlu Sok. No:6B
TUĞBA SARIGÜL;0 - (506) 633 - 1652;37.8532835;32.4720725;Yenişehir Mahallesi Gazze Caddesi No:15B
ZÜLAL;0 - (542) 618 - 1542;37.9250502;32.477694;Yenişehir Mah. Şehit Göksel Doğan Cad. A3 Blok No:21C
FATİH BOZKIR;0 - (332) 357 - 7800;37.8362909;32.5053734;Alparslan Mahallesi Ayşekemerşah Caddesi No:11C
AYMİLA;0 - (332) 354 - 0056;37.8598497;32.4929483;Çaybaşı Mahallesi Taşcami Uzunharmanlar Caddesi No:123B
APA;0 - (332) 321 - 0111;37.842956;32.4873679;Uzunharmanlar Mahallesi Mehmet Aytaç Caddesi No:123A
BERAT;0 - (332) 322 - 9233;37.8640838;32.4789946;Konevi Mahallesi Feritpaşa Caddesi Vural Apartmanı 29A
ÇANDIR;0 - (332) 325 - 2582;37.846129;32.4381865;Ayanbey Mahallesi Aslanali Caddesi No:110A
ÇINAR;0 - (332) 327 - 2001;37.829811;32.447495;Harmancık Mahallesi Hatıp Caddesi No: 171C
ERMENEK;0 - (332) 323 - 1324;37.8750436;32.4305953;Yaka Mahallesi Bağlarbaşı Sokak No:17A
ECRİN;0 - (332) 327 - 2729;37.8286745;32.4467459;Harmancık Mahallesi Hatıp Caddesi No:181A
BERRİN;0 - (332) 364 - 2512;37.6985961;32.5793733;Kaşınhanı Yeni Mahallesi Barbaros Caddesi No:41C
HAVZAN;0 - (332) 322 - 1080;37.8647936;32.4664946;Havzan Mahallesi Kılıkcı Sokak No:12B Babil Sokak 57A
ULUŞAN;0 - (332) 320 - 0219;37.8607934;32.4834353;Pirebi Mahallesi Pirebi Caddesi No:65B
HÜLYA EKMEKÇİ;0 - (332) 324 - 4800;37.8613874;32.4471517;Ateşbaz Veli Mahallesi Yedekırmak Sok. No:40D
HAKİMİYET;0 - (332) 351 - 0510;37.865538;32.500741;Çaybaşı Mahallesi Karaman Caddesi No:48B
NEHİR;0 - (332) 324 - 0777;37.8620121;32.4469041;Ateşbaz-ı Veli Mahallesi Yedekırmak Sokak No:44D
TURKUAZ MERAM;0 - (332) 324 - 1259;37.8758124;32.4489395;Alavardı Mahallesi Bozdağlı Sokak No:16A
KARANFİL;0 - (332) 359 - 9989;37.8012974;32.5002102;Yaylapınar Mahallesi Kaş Caddesi No:135A İç Kapı No:C
ÖZİPEK;0 - (332) 375 - 0365;37.7672294;32.5087922;Alakova Mahallesi 15513. Sokak No:22B
KUTLU;0 - (332) 347 - 0044;37.834702;32.467858;Küçük Kovanağzı Mahallesi Çimendere Sokak No:42 A-B
SADAY;0 - (332) 324 - 4328;37.8711883;32.4557912;Alavardı Mahallesi Yaka Caddesi 12B
YENİ POÇAN;0 - (536) 715 - 8101;37.8668092;32.4982798;Sahibata Mahallesi Hal Sokak No:2E
ZEYNEP;0 - (332) 323 - 2321;37.879591;32.447764;Alavardı Mahallesi Beyşehir Caddesi No:185C
GÖKMENOĞLU;0 - (332) 321 - 3474;37.8640838;32.4789946;Konevi Mahallesi Ferit Paşa Caddesi Horozluhan Sitesi No:22A
BEYAZ;0 - (332) 322 - 3211;37.8558176;32.4902294;Pirebi Mahallesi Haşimbey Sokak No:11C
YAŞAM;0 - (332) 323 - 0330;37.8754004;32.4334659;Yaka Mahallesi Aşirefendi Sokak No:10E Yaka Mahallesi Enes Sokak No:9D
KONYA;0 - (332) 322 - 8999;37.859527;32.4826369;Aydoğdu Mahallesi Söğütlü Sokak No:77B
GÜLİSTAN;0 - (332) 352 - 2322;37.857848;32.5000344;Uluırmak Mahallesi Maraş Cad. No:35A
RÜZGAR;0 - (507) 584 - 0458;37.8561345;32.4899243;Pirebi Mahallesi Haşimbey Sokak No:11A
KARABİLGİN;0 - (332) 238 - 1821;37.865869;32.4983975;SAHİBATA MH. TAŞKAPU MEDRESE CD. NO:9/A
ÖZŞAHİN;0 - (332) 617 - 1175;38.2609204;32.4087026;Fatih Mahallesi Yalçın Caddesi No:9A
AYDINLI;0 - (537) 405 - 0684;38.2605835;32.4061091;Doğu İstasyon Mahallesi Yalçın Caddesi 2E
Hülya;0 - (536) 244 - 3591;38.2607121;32.4079225;Doğu İstasyon Mah. Yalçın Cad. No:10A-B
GEÇİT;0 - (332) 617 - 1660;38.2627074;32.4060479;Fatih Mahallesi Tahir Çelik Caddesi No:87A
KÖZNEK;0 - (332) 627 - 9851;38.2646609;32.407075;Ladik Mahallesi 150370. Sokak No:2A
BAYRAMOĞLU;0 - (332) 627 - 4578;38.1926846;32.375115;Ladik Mahallesi Konya Caddesi No:136B
YÖNET;0 - (541) 974 - 9514;38.2607818;32.4077716;Doğu İstasyon Mah. Yalçın Cad. No:6A
METROPOL;0 - (332) 265 - 0131;37.9549155;32.4995372;Yazır Mahallesi Şenocak Sokak No:11F
NİHAL;0 - (332) 237 - 4097;37.887309;32.488963;Feritpaşa Mahallesi Kerkük Caddesi No:29B
SANCAK;0 - (332) 255 - 2996;37.958547;32.525464;Sancak Mahallesi Şule sokak No:17D
AKSOY;0 - (332) 247 - 8197;37.8849432;32.4573504;Akşemsettin Mahallesi Saray Caddesi No: 4H
İSTASYON;0 - (332) 220 - 0012;37.8849135;32.4785226;Hacıkaymak Mahallesi Hazerifen Ahmet Sokak No:3A-3B
KAMPÜS;0 - (332) 247 - 4844;38.0164959;32.5176365;Bosna Hersek Mahallesi Yeni İstanbul Caddesi Forum Kampüs No:248T
KARABULUT;0 - (332) 261 - 1828;37.9969907;32.5267246;Kosava Mahallesi Veysel Karani Caddesi No:210I
KARAKAYA;0 - (332) 350 - 5052;37.8886107;32.4686014;Kılınçarsalan Mahallesi Adakale Caddesi Adapark Sitesi C Blok No:30D
KARAKURT;0 - (332) 255 - 0329;37.9504207;32.5277055;Sancak Mahallesi Gürkuyu Sokak No: 2C, 2D
DOĞA;0 - (332) 245 - 6686;37.90444;32.458774;Akşemsettin Mahallesi Anadolu caddesi No:9A
VİZYON;0 - (332) 290 - 4800;37.9566736;32.5085897;Yazır Mahallesi Sultan Caddesi No:27S
AYSEL;0 - (332) 251 - 5171;37.9367734;32.5006884;Malazgirt Mahallesi Eyüp Sultan Caddesi No:55F
SEÇKİN;0 - (332) 350 - 8757;37.9749197;32.520824;Kosova Mahallesi Veysel Karani Caddesi No:113B
CİHANBEYLİ;0 - (332) 236 - 0690;37.8950186;32.4881055;Fatih Mahallesi Güldalı Sk. No:9A
KULU CİHAN;0 - (332) 245 - 6200;37.9116812;32.4908562;Hüsamettin Çelebi Mahallesi Akabe Caddesi No:9C
ALSANCAK;0 - (507) 950 - 7868;37.9479548;32.5180663;Horozluhan Mah. Dr. Sadık Ahmet Cad. No:98N
KAŞ;0 - (332) 249 - 0005;37.9429711;32.5031644;Şeyh Şamil Mahallesi Tatlıpınar Caddesi Sızma Sokak No:14
ÇELİK;0 - (332) 235 - 3040;37.879781;32.491745;Ferhuniye Mahallesi Parsana Caddesi No:18A
BERKER;0 - (332) 352 - 7588;37.877164;32.488861;Ferhuniye Mahallesi Hastane Caddesi No:39B
VEZİROĞLU;0 - (505) 734 - 0882;37.9078024;32.5037258;Hocacihan Mahallesi Şehit Ali Dığrak Cad. No:1/AL
İLAÇEVİ;0 - (332) 247 - 6262;37.8851113;32.4566758;Akşemsettin Mahallesi Saray Caddesi No:6H
FIRAT;0 - (332) 236 - 3415;37.894945;32.488601;Fatih Mahallesi Güldalı Sokak No:6A
ÖZGÜVEN;0 - (332) 324 - 2622;37.8947468;32.4622317;Esenler Mahallesi Genç Osman Caddesi No:44A
ADAKALE;0 - (332) 247 - 9997;37.888247;32.46809;Kılınçarslan Mahallesi Adakale Caddesi No:17B
ACAY;0 - (332) 241 - 2710;37.9477676;32.4944303;Şeyh Şamil  Mahallesi Doç.Dr.Halil Ürün Caddesi\nKonya Park AVM No:27I
EROL;0 - (332) 247 - 4353;37.9045285;32.4619039;Akşemsettin Mahallesi Tozlukbeli Sokak  Beşevler Cami No:12B
UMUT;0 - (332) 245 - 0466;37.9118671;32.4910803;Hüsamettin Çelebi Mahallesi Akabe Caddesi No:13C
ÖZGÜL;0 - (332) 236 - 3808;37.8795751;32.4914835;Ferhuniye Mahallesi Parsana Caddesi Mediko Sitesi No: 20A
PLAZA;0 - (332) 247 - 7737;37.9057173;32.4948214;Bedir Mahallesi Ataseven Caddesi Adapte Sokak Kentplaza AVM Z14-Z15
HANDE;0 - (332) 247 - 7733;37.8849432;32.4573504;Akşemsettin Mahallesi Saray Caddesi No: 4J
FORM;0 - (332) 351 - 5243;37.8711728;32.4848238;İhsaniye Mahallesi Sultan Cem Caddesi No:8A
DOĞUMEVİ;0 - (332) 235 - 4303;37.8790807;32.4887044;Ferhuniye Mahallesi Bereketoğlu Sokak İnan İşhanı No:5E
MÜGE;0 - (332) 353 - 6110;37.928459;32.506042;Dumlupınar Mahallesi Lale Caddesi 5I
PARLAKKAYA;0 - (332) 234 - 3112;37.880719;32.491822;Feritpaşa Mahallesi Ulaşbaba Caddesi No:30A
GÜNAYDIN;0 - (332) 352 - 0653;37.878031;32.490465;Ferhuniye Mahallesi Hastane Caddesi No:25E
AHENK;0 - (332) 351 - 5834;37.9017036;32.4663913;Akıncılar Mah. Yeni Sille Cad. No:88A
MEYRA;0 - (332) 233 - 7776;37.9043966;32.4822315;Bedir Mahallesi Seferhisar Caddesi Çelebi Murat Sokak No:12C
SARAYBOSNA;0 - (332) 241 - 4241;38.0083453;32.5233913;Bosna Hersek Mahallesi Mesaj Caddesi Osmanlı Ticaret Merkezi No:36B
İSTANBUL;0 - (332) 255 - 2755;37.9629369;32.513056;Yazır Mahallesi Umutlu Sokak No:3C
METE;0 - (332) 300 - 0045;37.953376;32.462511;Parsana Mahallesi Ramazanoğlu Sokak  No:76B
ÇAY;0 - (332) 263 - 1570;37.9749055;32.4955015;Beyhekim Mahallesi Büyükşehir Caddesi No:89G
AKŞEMSETTİN;0 - (332) 257 - 0405;37.888322;32.454835;Akşemsettin Mahallesi Şeyda Sokak No:7A
AYŞEGÜL AYÇİÇEK;0 - (332) 350 - 5590;37.8782942;32.4916137;Ferhuniye Mahallesi Dr.Yusuf Ziya Paşa Sokak No:1B
AKINBEY;0 - (332) 265 - 2223;37.957766;32.509479;Yazır Mahallesi Sultan Caddesi No:34I
BEYZA;0 - (332) 248 - 9898;37.94444;32.5021123;Şeyh Şamil Mahallesi Dosteli Caddesi Selçuklu Park İş Merkezi No:54C
KİRAZ;0 - (332) 503 - 0054;37.9501905;32.5239126;Sancak Mahallesi Veysel Karani Caddesi No:6O
YÜCEL;0 - (332) 261 - 1685;37.9793779;32.521583;Kosova Mahallesi seher Sokak No:9B
YENİ BEYŞEHİR;0 - (332) 233 - 7166;37.8896528;32.4821265;Işıklar Mahallesi Sille Caddesi No:40A
VİTAMİN;0 - (332) 245 - 1706;37.9105265;32.472199;Mehmet Akif Mahallesi Fahri Efe Caddesi No:9A
BEGÜM;0 - (332) 263 - 1063;37.9849796;32.4918909;Beyhekim Mahallesi Gülsarayı Sokak No:10A
AYDAN;0 - (332) 263 - 0305;37.9748292;32.5023691;Beyhekim Mahallesi Büyükşehir Caddesi Ant İş Merkezi No:89L
ERTÜRK;0 - (332) 247 - 0741;37.8886243;32.454456;Akşemsettin Mahallesi Akay Sokak Özaslan Sitesi No:15A
AKDEMİR;0 - (332) 261 - 0060;37.9798656;32.5226625;Kosova Mahallesi Veysel Karani Caddesi Ebru Sokak No:7H
EREN;0 - (332) 234 - 0072;37.8848587;32.4786077;Hacıkaymak Mahallesi Hazarifen Ahmet Sokak No:5B
HACETTEPE;0 - (332) 237 - 7560;37.8800346;32.49176;Ferhuniye Mahallesi Ulaşbaba Caddesi No:17A
AYŞE NUR;0 - (332) 341 - 2500;37.8886107;32.4686014;Kılınçarslan Mahallesi Adakale Caddesi B Giriş No:36C
İLKNUR;0 - (332) 257 - 0666;37.8851113;32.4566758;Akşemsettin Mahallesi Saray Caddesi No:6F
KILINÇARSLAN;0 - (332) 234 - 0173;37.8861211;32.4818782;Hacıkaymak Mahallesi Manzum Sokak  No:21B
MERAM;0 - (332) 322 - 5560;38.0110956;32.5261526;Bosna Hersek Mah. Osmanlı Cad. Kıvılcım İş Merkezi No:11G Bosna Hersek Mah. Büyük Hizmet Cad.Kıvılcım İş Merkezi No:37A
YENİKENT;0 - (332) 882 - 6666;37.9748292;32.5023691;Beyhekim Mahallesi Büyükşehir Caddesi Ant İşmerkezi No:89N
FERAH;0 - (332) 320 - 4791;37.8754044;32.4845363;Nişantaş Mahallesi Metehan Caddesi Yapıcı İş Merkezi C Blok No:41
ÜNLÜ;0 - (332) 251 - 4646;37.9443032;32.5017051;Şeyh Şamil Mahallesi Eminönü Caddesi No:23D
BİRLİK;0 - (332) 238 - 5297;37.8771875;32.4880294;Ferhuniye Mahallesi Ahmet Hilmi Nalçacı Caddesi No:2A
ACAR;0 - (332) 265 - 3190;37.9550163;32.5098098;Yazır Mahallesi Şehit Erkan Özbalcı Sokak Frezya Sitesi No:18C
ALTINDAĞ;0 - (332) 249 - 5707;37.944588;32.5024291;Şeyh Şamil Mahallesi Dosteli Caddesi No:54D
ŞEHİRLİ;0 - (332) 352 - 0663;37.8741144;32.4866093;Ferhuniye Mahallesi Müneccimbaşı Sok. No:10
AYDINLIK;0 - (332) 351 - 2250;37.9109243;32.5018261;Fatih Mahallesi Bülbüllü Sokak No:86
YUNUS EMRE;0 - (332) 352 - 2322;37.927703;32.50531;Dumlupınar Mahallesi Uygarlık Sok. No:4C-4D
SARI;0 - (332) 323 - 7674;37.883031;32.4397981;HOCACİHAN MAHALLESİ BEYŞEHİR CADDESİ B BLOK NO:208A
HAKYEMEZ;0 - (332) 255 - 4147;37.957816;32.526133;Sancak Mahallesi Taçmahal Caddesi No:22D
BİRGÜL GÖÇER;0 - (332) 236 - 5201;37.8931045;32.4966669;Musalla Bağları Mahallesi Gürz Sokak No:54/1
TOPRAK;0 - (332) 351 - 3881;37.8787373;32.4616662;Selçuk Mahallesi Beyşehir Caddesi No: 96A
TUNCEL;0 - (332) 236 - 7718;37.888223;32.480816;Kılınçarslan Mahallesi Rauf Denktaş Caddesi No:47A
ÇAĞLAR;0 - (332) 261 - 0306;37.9789285;32.5236421;Kosova Mahallesi Seher Sokak Karahan Sitesi No:11C
VEFA;0 - (332) 696 - 3334;37.958547;32.525464;Sancak Mah. Şule Sokak. No:17E
KULE;0 - (332) 220 - 0000;37.889423;32.493155;Musalla Bağları Mahallesi Kule Caddesi No:8/25
AKDENİZ;0 - (332) 321 - 1150;37.9447311;32.5017561;Şeyh Şamil Mah. Kapı Sok. Selçuklu Park Sitesi No:1F
MAKBULE GÜNEŞ;0 - (332) 246 - 4696;37.9769511;32.5153954;Yazır Mahallesi Ulusal Sokak No:97B
ÖZMEN;0 - (332) 263 - 0909;37.98424;32.491777;Beyhekim Mahallesi Gülsarayı Sokak No:8A
AKINCI;0 - (332) 261 - 1002;37.9795715;32.5227396;Kosova Mahallesi Veysel Karani Caddesi No:7I
EMİN;0 - (553) 442 - 4642;37.9905543;32.497668;Beyhekim Mah. Nalıncıbaba Sok. No: 1H
SAVRAN;0 - (332) 255 - 1055;37.9622247;32.5123895;Yazır Mahallesi Firuzan Sokak No:14A
ZEHRA;0 - (332) 265 - 2829;37.956414;32.510204;Yazır Mahallesi Şehit Erkan Özbalcı Sokak No:16E
BUHARA;0 - (332) 249 - 4833;37.936147;32.491714;Buhara Mahallesi Abdülhamit Caddesi No:3A
ÖZEKİN;0 - (332) 353 - 3543;37.878207;32.491288;Ferhuniye Mahallesi Hastane Caddesi No: 21B
FERDA;0 - (332) 238 - 7989;37.880943;32.490523;Ferhuniye Mahallesi Ulaşbaba Caddesi No:21C
BOZAL KARAMAN;0 - (332) 353 - 7755;37.90634;32.502615;Fatih Mahallesi Nefis Sokak No:7
NATURA;0 - (332) 265 - 6006;37.9311523;32.4936703;Malazgirt Mahallesi Barış Caddesi No:44A
ESENTEPE;0 - (332) 263 - 0083;37.9749055;32.4955015;Beyhekim Mahallesi Büyükşehir Caddesi No:89M-Y
YENİ CİHANBEYLİ;0 - (332) 255 - 2122;37.9043966;32.4822315;Bedir Mahallesi Murat Çelebi Sokak No:12E
ZEYNEP ÖZDEMİR;0 - (332) 241 - 4133;38.0124242;32.5271972;Bosna Hersek Mahallesi Büyük Hizmet Caddesi No:37L
FİLİZ;0 - (332) 261 - 1030;37.9024486;32.4644968;Akşemsettin Mahallesi Yeni Sille Caddesi No:99A-B
YAZIR;0 - (332) 265 - 2565;37.956893;32.510196;Yazır Mahallesi Şehit Erkan Özbalcı Sokak No:18B
AVÇİL;0 - (332) 235 - 7333;37.8845881;32.4918012;Feritpaşa Mahallesi Ahmet Hilmi Nalçacı Caddesi Dünya Sitesi B Blok No:38C
MURAT;0 - (332) 323 - 0433;37.878073;32.469194;Selçuk Mahallesi Harzami Sokak No:6A
LOTUS;0 - (532) 783 - 5388;37.9726058;32.5088049;Yazır Mahallesi Dr.Sıddık Özmerzifonlu Caddesi No:47L
FARABİ;0 - (332) 352 - 6001;37.877726;32.489759;Ferhuniye Mahallesi Hastane Caddesi No:29A
YENİ KARAAĞA;0 - (332) 351 - 7483;38.0160383;32.4920088;İhsaniye Mahallesi Kazım Karabekir Caddesi Ferah İş Hanı No:8B
EMEL;0 - (332) 246 - 4500;37.9116355;32.4909825;Hüsamettin Çelebi Mahallesi Akabe caddesi Tüybek Çarşısı No:11D
BURAK;0 - (332) 353 - 2672;37.8719003;32.4866809;İhsaniye Mahallesi Abdülezel Paşa Caddesi No:45C
NESRİN;0 - (332) 251 - 8990;37.927311;32.495519;Malazgirt Mahallesi Barış Caddesi No:10A
MERMER;0 - (332) 247 - 7171;37.8888765;32.4544287;Akşemsettin Mahallesi Yanar Sokak No:1A
YENİ ONUR;0 - (332) 245 - 7677;37.9021569;32.4890992;Bedir Mahallesi Ata Sokak No:4A
YILMAZ;0 - (332) 265 - 4230;37.956893;32.510196;Yazır Mahallesi Şehit Erkan Özbalcı Sokak No:18D
BEDİR;0 - (332) 238 - 6079;37.8852682;32.4918113;Feritpaşa Mahallesi Nalçacı Caddesi Bulvar Sitesi No:63B
SARE;0 - (332) 503 - 0098;37.9571745;32.4955901;Yazır Mahallesi Şehit Ali Vasfi Güney Caddesi No:9A
BİZİM;0 - (332) 350 - 2285;37.8783767;32.4916064;Ferhuniye Mahallesi Dr. Yusuf Ziya paşa Sokak No:1A
MENEKŞE;0 - (332) 246 - 2371;37.9116812;32.4908562;Hüsamettin Çelebi Mahallesi Akabe Caddesi No:9F
ÖZKAN;0 - (332) 233 - 5710;37.8790807;32.4887044;Ferhuniye Mahallesi Bereketoğlu Sokak Yüzbaşıgil İşhanı No:3F
HACIKAYMAK;0 - (332) 238 - 1510;37.8849135;32.4785226;Hacıkaymak Mahallesi Hazarifen Ahmet Sokak No:3C-D-E
DEFNE;0 - (332) 237 - 5550;37.8800727;32.4895145;Ferhuniye Mahallesi Gördes Sokak Yonga Apartmanı No:11G
YAPRAK;0 - (332) 257 - 1274;37.9110046;32.5018317;Fatih Mahallesi Bülbüllü Sokak No:92
ÖZTOPRAK;0 - (332) 245 - 1401;37.927973;32.50507;Dumlupınar Mahallesi Kalebaşı Sokak  No:3A
GÜLYİĞİT;0 - (332) 261 - 2193;37.9796309;32.5248983;Kosova Mahallesi Ebru Sokak Karahan Sitesi No:12D
SAKARYA;0 - (332) 238 - 7067;37.9162486;32.5008813;Sakarya Mahallesi Kamera Sokak No:11C
BARAN;0 - (332) 241 - 5624;38.0050326;32.5247119;Bosna Hersek Mahallesi Mesaj Caddesi No:17F
EROL CAN;0 - (332) 247 - 4377;37.8903807;32.4441485;Hocacihan Mahallesi Saray Caddesi No:107D
MİNE;0 - (332) 235 - 1296;37.8823704;32.4851996;Nişantaşı Mahallesi Dr.M.Hulusi Baybal Caddesi Bahar Sitesi No:31C
OĞLAKÇI;0 - (332) 233 - 1508;38.0091334;32.5224331;Bosna Hersek Mahallesi Osmanlı Caddesi No:4J
ÇUMRA;0 - (332) 351 - 9386;37.8779208;32.4901076;Ferhuniye Mahallesi Hastane Caddesi Zirve İş Merkezi No:27D
ÖZLEM;0 - (332) 323 - 8191;37.953376;32.462511;Parsana Mahallesi Ramazanoğlu Sok. No:76A
TANYELİ;0 - (332) 350 - 2313;37.877339;32.489139;Ferhuniye Mah. Hastane Cad. No:35A-C
CANDAN;0 - (332) 352 - 6003;37.889493;32.479059;Kılınçarslan Mahallesi Rauf Denktaş Caddesi No:61D
GÜLDEN;0 - (332) 265 - 1510;37.956893;32.510196;Yazır Mahallesi Şehit Erkan Özbalcı Sokak No:18A
MANOLYA;0 - (332) 263 - 0903;37.9749055;32.4955015;Beyhekim Mahallesi Büyükşehir Caddesi No:89O
KÜÇÜKSARI;0 - (332) 351 - 1516;37.8707925;32.4861673;İhsaniye Mahallesi Kazım Karabekir Caddesi No:26B
DOST;0 - (332) 251 - 8238;37.9370925;32.5003852;Malazgirt Mahallesi Eyüp Sultan Caddesi No:55G
BELVİRANLI;0 - (332) 353 - 4502;37.877164;32.488861;Ferhuniye Mahallesi Hastane Caddesi No:39A
NURGÜL;0 - (332) 245 - 6464;37.9043755;32.4824891;Bedir Mahallesi Çelebi Murat Sokak NO:12B
BAHA;0 - (332) 245 - 6666;37.9043966;32.4822315;Bedir Mahallesi Çelebi Murat Sokak No:12A
BURAKCAN;0 - (332) 251 - 9595;37.9438996;32.5005175;Şeyh Şamil Mahallesi Eminönü Caddesi No:26A
İREM;0 - (332) 237 - 0863;37.8765325;32.4823255;Nişantaş Mahallesi Dr.Hulusi Baybal Caddesi Hazım Uluşahin İş Merkezi A Blok No:1D
NALÇACI BÜYÜK;0 - (332) 238 - 9480;37.880382;32.489022;Ferhuniye Mahallesi Ahmet Hilmi Nalçacı Caddesi No:26A-B
ORÇUN;0 - (332) 234 - 1433;37.8898583;32.4993;Musallabağları Mahallesi Gülbahar Sokak No:5A
BEYHEKİM;0 - (332) 263 - 1010;37.983965;32.488531;Beyhekim Mahallesi Ali Demirtaş Sokak No:49B1-B2
ASYA;0 - (332) 241 - 4581;38.0147857;32.5181622;Bosna Hersek Mahallesi Soner Sokak No:1B-1C
KOÇ;0 - (332) 234 - 0175;37.8783559;32.488243;Ferhuniye Mahallesi Ahmet Hilmi Nalçacı Caddesi No:10C
HİCRET;0 - (332) 245 - 0197;37.911781;32.490955;Hüsamettin Çelebi Mahallesi Akabe Caddesi No:11A
YENİCEOBA;0 - (332) 350 - 1049;37.9749055;32.4955015;Beyhekim Mahallesi Büyükşehir Caddesi No:89I
NURCAN;0 - (332) 246 - 2869;37.9120765;32.4911854;Hüsamettin Çelebi Mahallesi Akabe Caddesi No:17A
SEZER;0 - (332) 352 - 4746;37.8775877;32.4900653;Ferhuniye Mahallesi Darüşşifa Sokak Arzum Apartmanı No:2B
ECE;0 - (332) 353 - 4346;37.8790807;32.4887044;Ferhuniye Mahallesi Bereketoğlu Sokak Yüzbaşıgil İşhanı No:3B
KÜBRA;0 - (332) 211 - 0023;37.8828834;32.4548624;Hocacihan Mahallesi Çevreyolu Caddesi Erkam Sitesi No:23F
ÜMRAN;0 - (332) 353 - 0780;37.8790196;32.4936475;Feritpaşa Mahallesi Ulaşbaba Caddesi No:10E
SAĞLIK;0 - (332) 351 - 6351;37.878026;32.490484;Ferhuniye Mahallesi Hastane Caddesi No:25B
DAMLA;0 - (332) 261 - 2093;37.979376;32.521943;Kosova Mahallesi Seher Sokak No:11B
TÜRKMEN;0 - (332) 238 - 6197;37.9110147;32.5018676;Fatih Mah. Bülbüllü Sokak No:90
ÇOBANOĞLU;0 - (332) 322 - 4046;37.8742098;32.4838893;Nişantaş Mahallesi Çimenzar Sokak Çobanoğlu Sitesi No:2A
ALPER;0 - (332) 248 - 4151;37.9260771;32.4917704;Buhara Mahallesi Kibarhane Sokak No:3C-3F
MEDİFARMA;0 - (332) 251 - 2299;37.8930706;32.4967304;Musallabağları Mahallesi Gürz Sokak No:56-58
GÜVEN;0 - (332) 352 - 0664;37.8779143;32.4904834;Ferhuniye Mahallesi Hastane Caddesi No:25D
ÖZTÜRK;0 - (332) 241 - 5500;38.0050326;32.5247119;Bosna Hersek Mahallesi Mesaj Caddesi No:17D
VERESELİ ALTAN;0 - (530) 849 - 2996;37.877407;32.490824;Ferhuniye Mahallesi Mümtaz Koru Sokak No:9/101
NAZAR;0 - (332) 245 - 3531;37.9311888;32.4941177;Malazgirt Mah. Tatlıcak Sokak No:9A
MEKAN-I ŞİFA;0 - (332) 245 - 0445;37.9120121;32.4911504;Hüsamettin Çelebi Mahallesi Akabe Caddesi No:15A
İLHAN;0 - (332) 236 - 4507;37.8945878;32.4874052;Fatih Mahallesi Manavlı Sokak No:3A
ÜLKÜ TOY;0 - (332) 501 - 0500;37.8784172;32.4688202;Selçuk Mahallesi Harzami Sokak No:7C
MERVE ÇERŞİL;0 - (332) 246 - 1822;37.916634;32.491432;Hüsamettin Çelebi Mahallesi Çamsakızı Sokak No:5B-5C
NUR;0 - (332) 265 - 4474;37.956193;32.50918;Yazır Mahallesi Sultan Caddesi No:30D
ESRA ÜNAL;0 - (332) 233 - 2520;37.8897387;32.4996034;Musalla Bağları Mahallesi Gülbahar Sokak No:3A-B Çekginler Sokak 1A
SAYGI;0 - (332) 248 - 2020;37.9370925;32.5003852;Malazgirt Mahallesi Eyüp Sultan Caddesi No:55C
DEMİRCİ;0 - (332) 261 - 0009;38.0064459;32.529623;Bosna Hersek Mahallesi Büyük Hizmet Caddesi No:17A
AKİF DUMAN;0 - (332) 265 - 2268;37.950006;32.5051739;Yazır Mahallesi Topak Sokak No:6N
DUDU;0 - (332) 265 - 5556;37.9620617;32.497668;Yazır Mahallesi Elmalı Hamdi Yazır Caddesi No:19C
AKÇA;0 - (332) 261 - 0191;37.9969907;32.5267246;Kosova Mahallesi Veysel Karani Caddesi No:210H-210F
NİŞANTAŞI;0 - (332) 321 - 6111;37.8759851;32.4797364;Nişantaşı Mah. Şehit Ömer Taşer Sokak No:15B  15A
Ay Selim;0 - (332) 257 - 1122;37.888322;32.454835;Akşemsettin Mahallesi Şeyda Sokak No:7B
DİRİLİŞ;0 - (332) 263 - 1818;37.9749055;32.4955015;Beyhekim Mahallesi Büyükşehir Caddesi No:89C-1
ESRA YAVUZ;0 - (332) 248 - 4748;37.9574888;32.4986946;Şehit Ali Vasfi Güney Caddesi B Blok 13B
DURU;0 - (332) 502 - 1493;37.8848747;32.4660023;Şeker Mahallesi Şefik Can Caddesi No:49B
Saygılı;0 - (538) 264 - 3462;37.8746429;32.4931554;Kosava Mahallesi Veysel Karani Caddesi Toluhan Sitesi 2. Giriş No:116L-116K
TORUK;0 - (332) 234 - 0707;37.885838;32.490851;Feritpaşa Mahallesi Yük. Müh. Ümit Bahadırtürk Sokak No:28A
ESEN;0 - (332) 261 - 1453;37.9804999;32.5216722;Kosova Mahallesi Şerbetciler Sokak No: 8A
TORUN;0 - (332) 220 - 0015;37.8808922;32.491466;Feritpaşa Mahallesi Ulaşbaba caddesi 32B
ESRA AYHAN;0 - (332) 302 - 8636;37.884489;32.489908;Feritpaşa Mah. Yük. Müh. Ümit Bahadır Türk Sokak No: 20E
TUĞÇE BELVİRANLI;0 - (332) 236 - 4422;37.8847472;32.4786852;Hacıkaymak Mahallesi Hazerifen Ahmet Sokak No:7A
Limon;0 - (332) 237 - 4523;37.9107073;32.501731;Fatih Mahallesi Bülbüllü Sokak No:76
TUBA;0 - (332) 249 - 6868;37.9275921;32.5071312;Dumlupınar Mahallesi Lale Caddesi İstek Sokak No:4/6B
SELÇUKLU;0 - (332) 241 - 2055;38.013506;32.527256;Bosna Hersek Mahallesi Büyük Hizmet Caddesi Serince Sokak No:3-3A-3B
YENİ;0 - (332) 233 - 5584;37.882254;32.489353;Feritpaşa Mahallesi Nalçacı Caddesi No:23A
GÜREL;0 - (332) 255 - 5655;37.9508021;32.5274057;Sancak Mahallesi Gürkuyu Sokak No:2B
ULUKAPI;0 - (332) 235 - 3335;37.8807653;32.4905942;Ferhuniye Mahallesi Kadı Sıraceddin Sokak No:2B
TEVFİK YEKŞUN;0 - (332) 255 - 2025;37.958547;32.525464;Sancak Mahallesi Şule Sokak No:17B
SILA;0 - (332) 257 - 0696;37.8882224;32.4548403;Akşemsettin Mahallesi Koca Sinan Sokak No:11A
Narçiçeği;0 - (332) 247 - 8047;37.8883785;32.4545749;Akşemsettin Mahallesi Şeyda Sokak No:9B
BAŞKENT;0 - (332) 257 - 0207;37.8851113;32.4566758;Akşemsettin Mahallesi Saray Caddesi No:6G
Poyraz;0 - (332) 350 - 0070;37.8773897;32.4909255;Ferhuniye Mah. Mümtaz Koru Sokak No:7/A
BOTANİK;0 - (332) 408 - 3938;37.8872858;32.4670491;Kılınçarslan Mah. Adakale Cad. No:36A
BURCU;0 - (332) 240 - 0010;38.013125;32.530703;Bosna Hersek Mahallesi Kemerli Sokak No:11C
VATAN;0 - (332) 322 - 0045;37.8739033;32.4852799;İhsaniye Mahallesi Vatan Caddesi No:17C
ŞAFAK;0 - (332) 247 - 1364;37.9043237;32.458741;Akşemsettin Mahallesi Anadolu Caddesi No:9C
SENA YILMAZ;0 - (332) 503 - 3033;37.9782094;32.5138436;Yazır Mahallesi Batıhan Sok. No:6D
Zeybek;0 - (332) 248 - 3918;37.936284;32.510542;Cumhuriyet Mahhallesi Kandil Sokak  No:6B
Nar;0 - (332) 350 - 9350;37.883304;32.4647047;Şeker Mah. Turgutlu Sok No:1/A
Martı;0 - (554) 839 - 3155;37.879131;32.469844;Şeker Mah. Hocacihan Tekke Cad. No:54G
SİMYA;0 - (542) 307 - 1828;37.9749055;32.4955015;Beyhekim Mahallesi Büyükşehir Caddesi No:89/K
Nane Limon;0 - (538) 655 - 2629;37.9644012;32.4877632;Yazır Mahallesi Beyhekim Caddesi No:42H
İpek;0 - (332) 246 - 4651;37.9105265;32.472199;Mehmet Akif Mahallesi Seferhisar Caddesi No:33A
ANADOLU ZAFER;0 - (546) 692 - 6922;37.9406732;32.5201722;HOROZLUHAN MAHALLESİ GÜVEN CADDESİ NO:2A
AVİVA;0 - (537) 053 - 6585;37.885389;32.489691;Feritpaşa Mahallesi Y.Müh. Ümit Bahadırtürk Sokak No:23A
HELUN;0 - (537) 495 - 9474;37.8889514;32.4673559;Kılınçarslan Mahallesi Kurtuldu Sokak Adapark Sitesi A. Blok No:2D
TÜRKER;0 - (541) 585 - 2260;38.0091334;32.5224331;Bosna Hersek Mahallesi Osmanlı Caddesi 4F
BUKET;0 - (532) 770 - 7093;37.8746429;32.4931554;Şeker Mahallesi Şehit Ömer Halisdemir Caddesi A Blok 1. Giriş No:7G
PALMİYE;0 - (546) 506 - 4263;37.8784439;32.4688328;Selçuk Mahallesi Harzami Sokak No:7D
ELİF SEVDE;0 - (538) 884 - 0634;37.8746429;32.4931554;Şeker Mahallesi Şehit Ömer Halisdemir Caddesi B Blok 2. Giriş No:5A
ÖZ ŞAFAK;0 - (545) 795 - 1769;37.965897;32.516593;Sancak Mahallesi Sevenler Sokak No:8A
MAYIS;0 - (506) 888 - 3506;37.8567363;32.4989723;Şeyh Şamil Mahallesi Şehit Veli Karakoç Sokak No:2A
ZEYNEP YILMAZ;0 - (553) 052 - 5455;37.8782165;32.4689763;Selçuk Mahallesi Harzami Sokak A Blok No:7B
EYÜP SULTAN;0 - (546) 485 - 1673;37.936284;32.510542;Cumhuriyet Mahallesi Kandil Sokak No:6D
SENA ACAR;0 - (507) 330 - 3404;37.9447311;32.5017561;Şeyh Şamil Mahallesi Kapı Sokak Selçuklu Park Sitesi No:1B
LAVANTA;0 - (555) 148 - 2011;37.8848587;32.4786077;Hacıkaymak Mah. Hazarifenahmet Sok. No:5A
MALAZGİRT;0 - (507) 271 - 3490;37.9289943;32.4977559;Malazgirt Mahallesi Tuna Caddesi No: 2A
KELEBEK;0 - (506) 959 - 5373;37.8779208;32.4901076;Ferhuniye Mahallesi Hastane Caddesi Zirve İş Merkezi No:27E
TOPATAN;0 - (332) 351 - 7523;37.872203;32.4850706;İhsaniye Mahallesi Sultan Cem Caddesi Büyükceran Apt. No:4B
NİSAN;0 - (332) 352 - 8680;37.8898583;32.4993;Musalla Bağları Mahallesi Gülbahar Sokak No:5B
GÜNEŞ;0 - (505) 202 - 4252;37.879898;32.4453064;Hocacihan Mahallesi Beyşehir Caddesi A Blok 206A
ÖZDUR;0 - (554) 628 - 3583;37.9220522;32.4940502;Dumlupınar Mahallesi Şehitlik Caddesi No:9A
OTOGAR;0 - (507) 137 - 1513;37.8874349;32.4931172;Feritpaşa Mahallesi Gürağaç Sokak Arzum Sitesi No:5C
ASİYE;0 - (507) 957 - 0059;37.916382;32.498802;Sakarya Mahallesi Vezirhan Sokak No:29A
ÖZÇELİK;0 - (332) 245 - 0915;37.9121379;32.4912367;Hüsamettin Çelebi Mahallesi Akabe Caddesi No:19A
AYDOĞMUŞ;0 - (332) 502 - 7870;37.8859665;32.4438929;Hocacihan Mah. Şehit Ali Dığrak Cad. No:1G
FURKAN;0 - (332) 350 - 0397;37.9566736;32.5085897;Yazır Mahallesi Sultan Caddesi No:27N
ŞİMŞİR;0 - (552) 208 - 3594;37.8948323;32.451899;Akşemsettin Mah. Anadolu Cad. No:89D
TUĞÇE EKİCİ;0 - (332) 247 - 0222;37.8735398;32.4811752;Nişantaşı Mahallesi Yahya Çavuş Caddesi Basaralı Sitesi Başaralı Blok 7C
TUĞÇE MİNE;0 - (538) 265 - 2892;37.8989461;32.4853544;Bedir Mahallesi Sıvalı Sokak No:3A
AKŞEN;0 - (535) 286 - 6700;37.87742;32.48927;Ferhuniye Mahallesi Hastane Caddesi No:33B
NUREFŞAN;0 - (539) 940 - 8400;37.8799769;32.4740659;Şeker Mah. Fahri Kulu Caddesi A2 Blok No:7B
TÜTÜNCÜ;0 - (332) 260 - 0030;37.9369428;32.4918761;Buhara Mahallesi Abdülhamit Caddesi No:5D
GÜRSOY;0 - (544) 397 - 3278;37.8914308;32.4413004;Hocacihan Mah. Saray Cad. No:123D
YENİ MERVE;0 - (332) 247 - 1655;37.8851113;32.4566758;Akşemsettin Mahallesi Saray Caddesi No:6E
ORGANİK;0 - (541) 282 - 4527;37.9946139;32.514635;Beyhekim Mah. Fırat Cad. No:16F
ZÜHRE OLGUN;0 - (332) 245 - 1300;37.9107381;32.4751004;Mehmet Akif Mahallesi Fahri Efendi Caddesi No:8A
ELİT;0 - (332) 265 - 4032;37.947783;32.508735;Şeyh Şamil Mah. Doç. Dr. Halil Ürün Cad. 1. Kızılkaya İş Merkezi No:231
ADAPARK;0 - (544) 457 - 6279;37.971455;32.4921467;Yazır Mah. Beyhekim Cad. G Blok No:60
KAPTAN;0 - (507) 856 - 4387;37.8779208;32.4901076;Ferhuniye Mah. Darüşşifa Sok. Zirve İş Merkezi Altı No:1A
RAZİYE ÖZEN;0 - (530) 136 - 8843;37.9283176;32.5070411;Dumlupınar Mah. Lale Cad. No:3E
ÇAĞLAYAN;0 - (332) 248 - 0440;37.8746429;32.4931554;Kılıçarslan Mah. Adakale Cad. Adapark Sit. B Blok No:30F
VERESELİ BOSNA FATİH;0 - (332) 241 - 4156;38.0104823;32.523202;Bosna Hersek Mahallesi Osmanlı Caddesi No:3G
NESLİHAN;0 - (554) 123 - 8629;37.879929;32.491757;Ferhuniye Mahallesi Ulaşbaba Cad. No:17B
SETENAY;0 - (332) 261 - 1359;37.977746;32.514518;Yazır Mahallesi Batıhan Sok. No:5A-5B
FİRDEVS;0 - (332) 322 - 2000;37.874804;32.483708;Nişantaşı Mahallesi Yahya Çavuş Caddesi No:18A
AKINCILAR;0 - (332) 246 - 3547;37.9025985;32.4653886;Akıncılar Mahallesi Akıncılar Caddesi İttifak Sitesi No:1A
KURTAR;0 - (332) 409 - 8996;37.9167117;32.5007379;Sakarya Mahallesi Yalıdere Caddesi No:47A
NURLU;0 - (332) 255 - 4030;37.9748292;32.5023691;Beyhekim Mahallesi Büyükşehir Caddesi Ant İş Merkezi No:89H
FERDANE;0 - (538) 045 - 1505;37.928459;32.506042;Dumlupınar Mahallesi Lale Caddesi No:5H
EYLEM;0 - (535) 928 - 9587;37.8818015;32.4604079;Selçuk Mah. Kaide Sok. 1. Giriş No:6D
ŞEN;0 - (332) 353 - 4354;37.885389;32.489691;Feritpaşa Mahallesi Yüksek Mühendis Ümit Bahadırtürk Sokak No:23B
ERDOĞAN;0 - (332) 350 - 9521;37.8775959;32.4895489;Ferhuniye Mahallesi Hastane Caddesi No:31F
ÇEŞMELİ;0 - (332) 234 - 2363;37.8943842;32.4887885;Fatih Mahallesi Güldalı Sokak No:3A
DUYGU;0 - (332) 323 - 0605;37.87865;32.469926;Selçuk Mahallesi Harzami Sokak Yavuz Apartmanı No:12A
MELİKE;0 - (332) 261 - 2212;37.9798656;32.5226625;Kosova Mahallesi Ebru Sokak No:7J
SERHAT;0 - (332) 261 - 0106;38.0160383;32.4920088;Kosava Mahallesi Seher Sokak Karahan Sitesi No:11D
EVRAN;0 - (332) 323 - 0747;37.8770206;32.4842085;Nişantaş Mah. Kemerli Cad. Kemerli Apt. No: 5D
EFE;0 - (332) 255 - 5219;37.958292;32.524472;Sancak Mahallesi Şule Sokak Ihlamur Konutları No:17F
GÖNÜL;0 - (332) 248 - 9965;37.9799198;32.52123;Kosova Mahallesi Şerbetçiler Sokak No: 1D
NEFES;0 - (332) 251 - 3377;37.964777;32.5173344;Sancak Mahallesi Ünlüer Sokak A Blok 2. Giriş No:18F
SERGÜL;0 - (332) 255 - 3033;37.9800728;32.5212829;Kosova Mahallesi Şerbetçiler Sokak No:1E
ÖZDEMİR;0 - (332) 241 - 2255;37.9165235;32.4834355;Bosna Hersek Mahallesi Mesaj Caddesi Kızılkaya 2 İş Merkezi No:17C
GÜLİS;0 - (332) 249 - 2211;37.9311298;32.4913695;Buhara Mahallesi Abdülhamit Caddesi Ceylangözü Sokak No:5B
DEMET;0 - (332) 233 - 0013;37.904773;32.458438;Hanaybaşı Mahallesi Anadolu Caddesi No:4C
ERDEM;0 - (332) 323 - 6622;37.87843;32.4687883;Selçuk Mahallesi Harzami Sokak No:9A
YİĞİT;0 - (332) 851 - 2700;37.9894838;32.4907707;Beyhekim Mahallesi Turgut Özal Caddesi No:7AB
BOSNA HERSEK;0 - (332) 247 - 5780;37.89448;32.471648;Esenler Mahallesi Eski Sille Caddesi No:124B
ÖZCAN;0 - (332) 247 - 5090;37.89448;32.471648;Esenler Mahallesi Eski Sille Caddesi No:124C
MERVE;0 - (332) 236 - 5484;37.894477;32.488371;Fatih Mahallesi Güldalı Sokak No:5A
HEKİMOĞLU;0 - (332) 320 - 4774;37.870657;32.480247;İhsaniye Mahallesi Millet Caddesi No:23A-B
Özalkent;0 - (507) 842 - 0499;37.910669;32.476972;Mehmet Akif Mahallesi Demirhan Caddesi No:84B
AKASYA;0 - (538) 305 - 2080;37.9506138;32.4962621;Yazır Mahallesi Doç.Dr. Halil Ürün Caddesi M1 AVM No:22 İç Kapı No:19
SARAÇ;0 - (332) 246 - 6005;37.916733;32.49154;Hüsamettin Çelebi mahallesi Çamsakızı Sokak No:5A
MELEK;0 - (332) 248 - 9252;37.9502794;32.4919375;Parsana Mahallesi Beyhekim Caddesi Gönül Dostları Sit. No:5A
KARAAĞA;0 - (332) 351 - 4135;37.9108776;32.501809;Fatih Mahallesi Bülbüllü Sokak No:84
YAREN;0 - (332) 351 - 4978;37.8829002;32.4878098;Feritpaşa Mah. Rauf Denktaş Cad. No:8A
ULUÇINAR;0 - (332) 237 - 3500;37.8782353;32.4882877;Ferhuniye Mahallesi Hastane Cad. İktap Sokak No:7A
BARDAKCI;0 - (332) 320 - 2233;37.9447311;32.5017561;Şeyh Şamil Mahallesi Kapı Sokak Selçuklu Park No:1A
SİBEL;0 - (543) 420 - 5262;37.9777087;32.5148649;Yazır Mah. Batıhan Sok. No:3A-3B
Kekik;0 - (537) 288 - 0222;37.8889514;32.4673559;Kılınçarsaln Mah. Kurtuldu Sok. Adapark Sit. A Blok No: 2F
TUNA;0 - (332) 255 - 2150;37.9572932;32.5171679;Sancak Mahallesi Meftun Sokak A1 Giriş No:6D-6E
ODABAŞI;0 - (332) 237 - 5422;37.8746429;32.4931554;Sancak Mahallesi Şule Sokak Ihlamur Konutları A Blok No:17A
KUMRU;0 - (332) 247 - 4731;37.9037716;32.4584178;Akşemsettin Mahallesi Anadolu Caddesi No:17C
BEKTAŞ;0 - (332) 247 - 9447;37.888579;32.440807;Hocacihan Mah. Hicaz Cad. No:70A
BAHÇEŞEHİR;0 - (538) 330 - 9638;37.9620617;32.497668;Yazır Mah. Elmalılı Hamdi Yazır Cad. Florya B2 Giriş No:16E
GECE;0 - (332) 503 - 2010;37.9566736;32.5085897;Yazır Mah. Sultan Cad. No:27M
GÜLŞEN;0 - (533) 366 - 8864;37.891337;32.44129;Hocacihan Mah. Saray Cad. No: 123A
CANSU;0 - (332) 353 - 1535;37.877877;32.490212;Ferhuniye Mahallesi Hastane Caddesi No:27C
NADİR;0 - (332) 236 - 4020;37.893119;32.4965549;Musalla Bağları Mahallesi Gürz Sokak No:48-50
YENİ FAKÜLTE;0 - (332) 324 - 2343;37.891337;32.44129;Hocacihan Mahallesi Saray Caddesi No:123E
Marmara;0 - (552) 405 - 5040;37.8859665;32.4438929;Hocacihan Mah. Şehit Ali Dığrak Cad. No: 1AP
Hayat;0 - (505) 766 - 7303;37.8868498;32.4971848;Musalla Bağları Mah. Telgrafcı Hamdi Bey Cad. Hacıoğlu Apt. No: 4A
Meram Tıp;0 - (507) 077 - 4200;37.8859665;32.4438929;Hocacihan Mah. Şehit Ali Dığrak Cad. No: 1AO
BAHAR;0 - (505) 610 - 4733;37.9821464;32.4965989;Beyhekim Mah. Gülaçar Sok. A Blok No:15C
MELİS YALÇIN;0 - (532) 661 - 3064;37.8859665;32.4438929;Hocacihan Mah. Şehit Ali Dığrak Cad. No:1AK
EZGİ;0 - (543) 318 - 3686;37.9031049;32.4888474;Bedir Mah. Aday Sok. No:7C
ARSLANGİL;0 - (332) 341 - 1188;37.9109766;32.5018535;Fatih Mahallesi Bülbüllü Sokak No:88
FETİH;0 - (535) 689 - 3077;37.8777148;32.4913782;Ferhuniye Mahallesi Dr. Ziya Paşa Sokak No:6A
HASAN BAŞ;0 - (332) 246 - 0060;37.9105265;32.472199;Mehmet Akif Mahallesi Seferhisar Caddesi No: 29B
HALK;0 - (332) 245 - 9392;37.9093773;32.4762573;Mehmet Akif Mahallesi Hadimi Caddesi Selsebil Sokak No:10A
YENİ DERMAN;0 - (332) 582 - 1799;37.4298563;31.8363339;Alaylar Bir Mahallesi Atatürk Caddesi No:17B
SAĞLIK;0 - (332) 582 - 3438;37.4191661;31.8478193;Hacıseyitali Mahallesi Hürriyet Caddesi No:32A
KUTSAL;0 - (332) 582 - 1781;37.423908;31.85071;Hacıseyitali Mahallesi Atatürk Caddesi No:28A
YASİR;0 - (332) 582 - 5559;37.422811;31.8437403;Alaylar Bir  Mah. Milli egemanlik Cad. No:33/A
GONCA;0 - (332) 582 - 4655;37.4298563;31.8363339;Alaylar Bir  Mahallesi Atatürk Caddesi No:25B
HAYAT;0 - (332) 582 - 1241;37.4224114;31.8491446;Hacıseyitali Mahallesi Atatürk Caddesi No:14A
GÜVEN;0 - (332) 582 - 7060;37.4231077;31.8548378;Kızılcalar Mahallesi Mevlana Caddesi No:14A
KEVSER;0 - (332) 582 - 3572;37.4199749;31.8440407;Sofuhane Mahallesi Or.Prof. Sadi Irmak Caddesi No:15A
SEYİT HARUN;0 - (332) 582 - 6173;37.4190054;31.8498896;Ulukapı Mahallesi Necati Kalaycıoğlu Caddesi No:18A
ÖZKAYNAK;0 - (332) 582 - 0504;37.4224114;31.8491446;Hacı Seyit Ali Mahallesi Atatürk Caddesi No:6B
YÜCEL;0 - (332) 582 - 5641;37.4232014;31.845362;Haci Seyit Ali Mahallesi Milli Egemenlik Cad.No:19B
DENİZ;0 - (332) 582 - 8582;37.4217605;31.8449577;Hacıseyit Mahallesi Atatürk Caddesi No:40C
OLCAY;0 - (505) 345 - 7058;37.4190296;31.8500474;Ulukapı Mahallesi Necati Kalaycıoğlu Caddesi No:26A
BİCAN;0 - (332) 582 - 4717;37.423908;31.85071;Hacıseyitali Mahallesi Atatürk Caddesi No:30C
GÜRARSLAN;0 - (332) 582 - 5294;37.423265;31.8456085;Alaylar İki Mahallesi Milli Egemenlik Caddesi No:8A
DEVA;0 - (332) 582 - 4859;37.4198646;31.8455302;Hacıseyitali Mahallesi Hürriyet caddesi No:6D
TOROS;0 - (332) 582 - 6550;37.4196671;31.8461825;Hacıseyitali Mahallesi Hürriyet Caddesi No:5A
ELİF;0 - (332) 581 - 0562;37.3790997;32.08984;Alaylar Bir Mahallesi Mustafa Üstündağ Caddesi No:73/A
YENİ GÜL;0 - (332) 582 - 5221;37.4233528;31.845575;Alaylar İki Mah. Milli Egemenlik Cad. No:10A
YAŞAM;0 - (332) 582 - 3139;37.4194618;31.8472966;Hacı Seyit Ali Mahallesi Hürriyet Caddesi No:23C
YASİN;0 - (332) 322 - 4247;37.4089753;31.8434625;Stat mahallesi Cevher Dudayev Caddesi No:85A
SEYDİŞEHİR;0 - (332) 582 - 1717;37.4190589;31.8487804;Ulukapı Mahallesi Necati Kalaycıoğlu Caddesi No:4A
ZÜLAL;0 - (332) 582 - 9966;37.4192936;31.847373;Hacıseyitali Mahallesi Hürriyet Caddesi No:22A
AYVACI;0 - (332) 582 - 0977;37.4167847;31.846399;Alaylar İki  Mahallesi Seyyid Harun Veli Caddesi No:43B
ORTAKARAÖREN;0 - (332) 585 - 1225;37.404718;32.1348629;Ortakaraören Mahallesi Ortakaraören Caddesi No:105C
TAŞKENT;0 - (332) 497 - 1510;36.9245659;32.4946472;Şıhlar Mahallesi Vali İzzet Bey Caddesi No:105E
TUZLUKÇU;0 - (332) 861 - 2866;38.4755056;31.627379;Aşağı Mahallesi Akşehir Caddesi No:38
ELÇİN;0 - (332) 861 - 2747;38.47551;31.6273734;Pazar Mahallesi Akşehir Caddesi No: 43A
GÖKPINAR;0 - (332) 851 - 3595;38.8216409;31.7251233;Karataş Mahallesi Uzun Caddesi No:105B
KURTOĞLU;0 - (332) 851 - 2115;38.8119365;31.7340162;Yeni Mahalle bademlik Caddesi No:6B
BİZİM;0 - (332) 851 - 2300;38.81949;31.730198;Yeni Mahalle Hükümet caddesi No:73A
YUNAK;0 - (332) 851 - 2378;38.8185443;31.7313556;Yeni Mahalle Hükümet Caddesi No:65
ÖZ SAĞLIK;0 - (332) 851 - 0307;38.8158062;31.7361974;YENİ MH. ANKARA CD. NO:711 YUNAK/KONYA
TAŞKIN;0 - (534) 499 - 9282;38.813456;31.735652;Yeni Mahalle 169004 Sokak No:46
